"TEAM","game_id","HOME","PASSINGYARDS","RUSHINGYARDS","TURNOVERS","THIRDDOWN%","REDZONETD%","PENALTYYARDS","OPPONENTPAG","EPA_per_play","PASS_EPA","RUSH_EPA","SUCCESS_RATE","POINTSSCORED"
"ARI","2024_01_ARI_BUF",0,162,124,1,0.615384615384615,0.117647058823529,10,21.3,0.144978042459721,-0.0338528495774892,0.199397988084148,0.45945945945946,28
"BUF","2024_01_ARI_BUF",1,232,130,1,0.25,0.173913043478261,86,21.4705882352941,0.191357432358954,0.36644392364404,0.109303437486689,0.6125,34
"BAL","2024_01_BAL_KC",0,273,185,1,0.4375,0.0588235294117647,40,20.1,0.0210170840130652,-0.0593133239182627,0.264350246208455,0.563829787234043,20
"KC","2024_01_BAL_KC",1,291,72,1,0.4,0.0769230769230769,69,20.7368421052632,0.125983585853472,0.369480206906833,-0.0459211214405705,0.478260869565217,27
"CAR","2024_01_CAR_NO",0,161,58,4,0.153846153846154,0.142857142857143,59,23.1176470588235,-0.379689464684967,-0.527636986451812,-0.411530753568513,0.38961038961039,10
"NO","2024_01_CAR_NO",1,200,180,0,0.571428571428571,0.266666666666667,116,30.8235294117647,0.199165358970036,0.319739630478044,0.128847256163215,0.5,47
"CLE","2024_01_DAL_CLE",1,169,93,2,0.125,0.181818181818182,90,27.2941176470588,-0.246801869129468,-0.453248166256612,0.215007852196179,0.298969072164948,16
"DAL","2024_01_DAL_CLE",0,179,102,0,0.266666666666667,0.125,59,25.5882352941176,-0.0382533089966946,-0.190495365587491,0.00506595990130636,0.421686746987952,33
"DEN","2024_01_DEN_SEA",0,138,99,4,0.263157894736842,0.0588235294117647,15,21.2352941176471,-0.134441029925922,-0.474050591122793,-0.0242443623091095,0.380434782608696,19
"SEA","2024_01_DEN_SEA",1,171,146,1,0.307692307692308,0,86,18.3888888888889,-0.0481814205138095,-0.204989150787505,0.0368724969002262,0.476190476190476,26
"GB","2024_01_GB_PHI",0,260,163,1,0.357142857142857,0.037037037037037,102,17.6190476190476,0.0915969554592705,0.0641535480293977,0.381395836489741,0.470588235294118,29
"PHI","2024_01_GB_PHI",1,278,144,3,0.357142857142857,0.12,26,19.2777777777778,0.105813099889443,0.305770534094024,-0.173315204087139,0.53763440860215,31
"HOU","2024_01_HOU_IND",0,234,213,0,0.444444444444444,0.2,40,24.8823529411765,0.13033609773944,0.208547138786469,0.0781579943823819,0.521276595744681,29
"IND","2024_01_HOU_IND",1,212,104,1,0.454545454545455,0.166666666666667,10,20.8421052631579,0.0946765126137267,-0.144434561697943,0.231138275945741,0.542372881355932,26
"JAX","2024_01_JAX_MIA",0,162,128,1,0.166666666666667,0.222222222222222,90,20.7647058823529,-0.0429449896989073,0.0711062703040539,-0.350182036202079,0.442857142857143,17
"MIA","2024_01_JAX_MIA",1,338,81,0,0.444444444444444,0.0909090909090909,84,25,-0.00628522024112045,0.108088805966922,-0.11035145663456,0.435294117647059,17
"DET","2024_01_LA_DET",1,217,163,1,0.461538461538462,0.105263157894737,40,21.8947368421053,0.0945644867115612,-0.160281880278835,0.363252142712759,0.558441558441558,20
"LA","2024_01_LA_DET",0,317,83,1,0.428571428571429,0.105263157894737,66,21.0555555555556,0.053456859481273,0.0889494295592902,-0.0560492952230388,0.5,20
"LAC","2024_01_LV_LAC",1,144,176,0,0.25,0.142857142857143,35,25.1176470588235,-0.128078170910178,-0.180588139014633,0.0108585050207377,0.373333333333333,22
"LV","2024_01_LV_LAC",0,257,71,3,0.333333333333333,0,30,17.6666666666667,-0.31249444704969,-0.0335866119219426,-0.841489037075503,0.391891891891892,10
"MIN","2024_01_MIN_NYG",0,208,111,2,0.454545454545455,0.2,103,24.0588235294118,0.0943946393976765,0.278845339012332,0.032264130464755,0.462686567164179,28
"NYG","2024_01_MIN_NYG",1,186,74,2,0.4,0,55,19.3333333333333,-0.239991764179377,-0.480719951552322,-0.0808872742983069,0.390804597701149,6
"CIN","2024_01_NE_CIN",1,164,70,1,0.307692307692308,0.142857142857143,35,23.8235294117647,-0.0384047210302792,-0.336472266826164,0.1360956303688,0.491803278688525,10
"NE","2024_01_NE_CIN",0,121,170,1,0.4,0.0714285714285714,15,24.4117647058824,0.0797462706316751,-0.0787751893836071,0.0430145460090393,0.506329113924051,16
"NYJ","2024_01_NYJ_SF",0,203,68,2,0.6,0.181818181818182,15,25,-0.0026216831108622,0.0183468590656732,-0.159838080999748,0.484375,19
"SF","2024_01_NYJ_SF",1,231,180,0,0.5,0.117647058823529,35,23.0588235294118,0.177945872934258,0.137861482052583,0.0683722745334553,0.511627906976744,32
"ATL","2024_01_PIT_ATL",1,155,89,3,0.272727272727273,0.125,54,20.7222222222222,-0.246584575728043,-0.407151613848366,-0.282944227079332,0.485294117647059,10
"PIT","2024_01_PIT_ATL",0,156,137,0,0.421052631578947,0,40,23.8823529411765,-0.0410443523369942,-0.0540910685392371,-0.127662466386368,0.433734939759036,15
"CHI","2024_01_TEN_CHI",1,93,84,1,0.133333333333333,0,60,27,-0.206712436775767,-0.379584505896595,-0.0397965241357333,0.424657534246575,24
"TEN","2024_01_TEN_CHI",0,127,140,3,0.266666666666667,0.111111111111111,45,20.8823529411765,-0.281676619589421,-0.519176554513609,0.0791675329058378,0.402439024390244,17
"TB","2024_01_WAS_TB",1,289,112,0,0.647058823529412,0.2,39,24.5,0.27986223397623,0.66425048551106,-0.174157471332459,0.569620253164557,37
"WAS","2024_01_WAS_TB",0,184,138,0,0.3,0.3,36,21.6666666666667,0.0516651539335492,-0.0644029437709731,0.29290267206319,0.5,20
"ATL","2024_02_ATL_PHI",0,241,152,0,0.222222222222222,0.0666666666666667,48,17.6190476190476,0.141498201146777,0.293003269025195,-0.0167643572159918,0.513888888888889,22
"PHI","2024_02_ATL_PHI",1,183,186,1,0.461538461538462,0.0769230769230769,45,23.8823529411765,0.0907416355770596,0.0581878801318748,0.170537932747994,0.488095238095238,21
"BUF","2024_02_BUF_MIA",0,139,108,0,0.333333333333333,0.25,25,20.7647058823529,0.117222524215986,0.586916467542351,-0.0635361677584866,0.431034482758621,31
"MIA","2024_02_BUF_MIA",1,225,139,3,0.4375,0.0526315789473684,30,21.3,-0.235525018758078,-0.400093653788782,-0.105908206278828,0.471910112359551,10
"CHI","2024_02_CHI_HOU",0,174,71,2,0.380952380952381,0.2,110,20.8421052631579,-0.129871673344165,-0.490031010815094,0.0391448221608616,0.4,13
"HOU","2024_02_CHI_HOU",1,260,75,1,0.25,0,65,20.8823529411765,-0.0628612493909855,0.0412527210273505,-0.504268946774703,0.4,19
"CIN","2024_02_CIN_KC",0,258,74,1,0.285714285714286,0.0909090909090909,54,20.1,0.056322782571939,0.100536792836731,-0.0510402193282392,0.531645569620253,25
"KC","2024_02_CIN_KC",1,151,149,3,0.2,0.0625,69,24.4117647058824,-0.00621319862393771,-0.345302044775487,0.143482003288604,0.538461538461538,23
"CLE","2024_02_CLE_JAX",0,186,125,0,0.1875,0.125,117,25,0.0489843267902487,0.0346098364957152,0.00710590220867369,0.453488372093023,18
"JAX","2024_02_CLE_JAX",1,220,127,0,0.4,0.0625,35,25.5882352941176,-0.0345320864259964,-0.18236975869798,0.199170833326033,0.45945945945946,13
"GB","2024_02_IND_GB",1,122,261,1,0.555555555555556,0.125,35,24.8823529411765,0.000951222588972076,0.641913847318096,-0.17219425082425,0.402439024390244,16
"IND","2024_02_IND_GB",0,204,140,3,0.2,0.1,35,19.2777777777778,-0.0994308649689335,-0.236351604015102,0.169992721748878,0.470588235294118,10
"CAR","2024_02_LAC_CAR",1,84,90,1,0.0769230769230769,0,45,17.6666666666667,-0.395445521304195,-0.787620421469979,-0.0286130972478228,0.317460317460317,3
"LAC","2024_02_LAC_CAR",0,130,219,2,0.5625,0.125,60,30.8235294117647,0.0556164768432938,0.0682691086894267,0.133417034156585,0.518987341772152,26
"ARI","2024_02_LA_ARI",1,266,231,1,0.583333333333333,0.2,33,21.8947368421053,0.329899783546232,0.822776754143974,0.0850588914997655,0.602564102564103,41
"LA","2024_02_LA_ARI",0,216,53,1,0.181818181818182,0.0666666666666667,29,21.4705882352941,-0.144236520705669,-0.348737269736956,-0.125929772834934,0.53030303030303,10
"BAL","2024_02_LV_BAL",1,247,146,1,0.214285714285714,0.285714285714286,54,25.1176470588235,-0.0353156589015485,0.0286526539747861,-0.0605797634817901,0.465116279069767,23
"LV","2024_02_LV_BAL",0,276,27,1,0.384615384615385,0.142857142857143,70,20.7368421052632,0.0301420167913866,-0.0561891285281113,-0.458288043318976,0.493670886075949,23
"DAL","2024_02_NO_DAL",1,299,68,2,0.428571428571429,0,30,23.1176470588235,-0.0759207089482221,-0.241369923356146,-0.0262113288155802,0.470588235294118,19
"NO","2024_02_NO_DAL",0,243,190,1,0.666666666666667,0.173913043478261,36,27.2941176470588,0.337516378850327,0.82504880799816,0.28945974501075,0.597222222222222,44
"NYG","2024_02_NYG_WAS",0,178,129,1,0.545454545454545,0.25,39,24.5,0.0911961551975147,0.220160134053128,-0.0720968891665424,0.462686567164179,18
"WAS","2024_02_NYG_WAS",1,226,215,0,0.5,0,50,24.0588235294118,0.134371023713439,0.138465175764086,0.175057171075826,0.477272727272727,18
"NYJ","2024_02_NYJ_TEN",0,176,101,0,0.428571428571429,0.222222222222222,35,27,0.0889524681691526,0.0516802795929614,0.0133447185988821,0.472222222222222,24
"TEN","2024_02_NYJ_TEN",1,192,130,2,0.428571428571429,0.0714285714285714,80,23.0588235294118,-0.0664023088964181,-0.201417435846452,0.0383168731763039,0.4625,17
"DEN","2024_02_PIT_DEN",1,246,64,2,0.166666666666667,0,40,20.7222222222222,-0.12320911995335,-0.233103382900802,-0.262617460896236,0.45945945945946,6
"PIT","2024_02_PIT_DEN",0,117,141,0,0.333333333333333,0.111111111111111,162,18.3888888888889,-0.00945087938931579,0.100439816599977,-0.255724077219119,0.378048780487805,13
"NE","2024_02_SEA_NE",1,149,185,0,0.4375,0.105263157894737,25,21.2352941176471,0.0271513459069775,-0.00567021098338033,0.108190119816249,0.5,20
"SEA","2024_02_SEA_NE",0,327,46,0,0.470588235294118,0.1,67,23.8235294117647,0.061286243124029,0.195122063664831,-0.419606076411427,0.528735632183908,20
"MIN","2024_02_SF_MIN",1,268,146,2,0.583333333333333,0.0666666666666667,23,25,-0.0535165447474094,-0.243974643189788,0.223744205226968,0.529411764705882,23
"SF","2024_02_SF_MIN",0,319,102,2,0.2,0.117647058823529,60,19.3333333333333,-0.136262946885525,0.0134429975053839,-0.222201421361469,0.506024096385542,14
"DET","2024_02_TB_DET",1,324,139,2,0.388888888888889,0.0384615384615385,45,21.6666666666667,-0.0832453746121526,-0.182064304427314,0.15987989929703,0.459183673469388,16
"TB","2024_02_TB_DET",0,185,70,1,0.2,0.142857142857143,61,21.0555555555556,-0.0187344520651505,-0.143174164177833,-0.0528505692808804,0.46031746031746,20
"BAL","2024_03_BAL_DAL",0,182,274,0,0.4,0.333333333333333,55,27.2941176470588,0.125254600192364,0.711390576985044,0.255571208790058,0.469135802469136,28
"DAL","2024_03_BAL_DAL",1,379,51,1,0.529411764705882,0.272727272727273,94,20.7368421052632,0.0642147955332181,0.0236950915203762,-0.0551204762559792,0.421052631578947,24
"CAR","2024_03_CAR_LV",0,319,131,0,0.4,0.15,54,25.1176470588235,0.166824316869059,0.308869470412647,0.054264413676396,0.533333333333333,36
"LV","2024_03_CAR_LV",1,296,55,1,0.25,0.272727272727273,51,30.8235294117647,-0.0754965846107953,0.0286086221214138,-0.390152254061832,0.525,21
"CHI","2024_03_CHI_IND",0,363,63,3,0.428571428571429,0.0952380952380952,73,24.8823529411765,-0.12529422360954,-0.130541294272588,-0.343641304242608,0.398058252427184,15
"IND","2024_03_CHI_IND",1,167,150,2,0.25,0.153846153846154,30,20.8823529411765,-0.125639917554557,-0.490144019821725,-0.0191466547121915,0.408450704225352,21
"DEN","2024_03_DEN_TB",0,216,136,1,0.25,0.105263157894737,40,21.6666666666667,0.0915331877027685,0.0587737562206761,0.118888601039847,0.582278481012658,26
"TB","2024_03_DEN_TB",1,163,91,2,0.272727272727273,0.125,14,18.3888888888889,-0.267940509787662,-0.577258628748677,0.12628064375167,0.485714285714286,7
"ARI","2024_03_DET_ARI",1,207,77,1,0.181818181818182,0.25,79,21.0555555555556,-0.13607811659587,-0.160911563535775,-0.389087742613346,0.472222222222222,10
"DET","2024_03_DET_ARI",0,199,187,1,0.428571428571429,0.25,30,21.4705882352941,-0.00751194330323962,0.234766091897618,-0.0710658694435728,0.542168674698795,20
"GB","2024_03_GB_TEN",0,202,188,0,0.357142857142857,0.0769230769230769,60,27,0.063261806831926,0.16003554626406,0.0899405183515989,0.4125,30
"TEN","2024_03_GB_TEN",1,260,33,3,0.3,0.222222222222222,30,19.2777777777778,-0.251166830972645,-0.40428234175973,-0.225698649004864,0.507462686567164,14
"HOU","2024_03_HOU_MIN",0,307,38,2,0.2,0.111111111111111,50,19.3333333333333,-0.264998174475154,-0.152456309559729,-0.446079076750071,0.341176470588235,7
"MIN","2024_03_HOU_MIN",1,181,118,0,0.352941176470588,0.2,68,20.8421052631579,0.121469051780979,0.164144122927543,0.0432444898803994,0.5,34
"BUF","2024_03_JAX_BUF",1,266,122,0,0.545454545454545,0.148148148148148,50,25,0.345944607816754,0.689716257925261,0.177287196896421,0.545454545454545,47
"JAX","2024_03_JAX_BUF",0,200,92,2,0.214285714285714,0.0714285714285714,42,21.3,-0.166354669606737,-0.512467468948417,0.56374680100228,0.436781609195402,10
"ATL","2024_03_KC_ATL",1,230,82,1,0.272727272727273,0.153846153846154,81,20.1,-0.0064002290397489,0.0902170764121756,-0.344575310089567,0.466666666666667,17
"KC","2024_03_KC_ATL",0,217,128,1,0.428571428571429,0.105263157894737,24,23.8823529411765,0.086739396819732,0.0618686630589861,0.148391464792896,0.581395348837209,22
"LAC","2024_03_LAC_PIT",0,149,61,0,0.25,0,25,20.7222222222222,-0.114862523820185,-0.0819039231113095,-0.268156253907364,0.419354838709677,10
"PIT","2024_03_LAC_PIT",1,245,114,1,0.6,0.0625,59,17.6666666666667,0.0499414384598784,0.241337501999714,0.00295747344077013,0.506329113924051,20
"MIA","2024_03_MIA_SEA",0,186,65,0,0.142857142857143,0,98,21.2352941176471,-0.375468439370388,-0.455853287975402,-0.377224560400154,0.337662337662338,3
"SEA","2024_03_MIA_SEA",1,289,100,2,0.230769230769231,0.333333333333333,79,20.7647058823529,-0.0712196049352099,-0.0219648167267469,0.0258821684941982,0.417721518987342,24
"NE","2024_03_NE_NYJ",0,120,78,1,0.214285714285714,0,74,23.0588235294118,-0.220213729421615,-0.496253049788428,-0.18717406988532,0.428571428571429,3
"NYJ","2024_03_NE_NYJ",1,281,133,0,0.625,0.214285714285714,102,23.8235294117647,0.123153750281807,0.492021205562308,-0.00766336842912782,0.535714285714286,24
"CLE","2024_03_NYG_CLE",1,196,69,2,0.333333333333333,0.25,51,24.0588235294118,-0.254768163770973,-0.424326732472763,-0.250353424638674,0.444444444444444,15
"NYG","2024_03_NYG_CLE",0,236,112,2,0.266666666666667,0.176470588235294,65,25.5882352941176,-0.146761456213898,0.240108254523728,-0.205393771956923,0.438202247191011,21
"NO","2024_03_PHI_NO",1,142,89,1,0.461538461538462,0.0909090909090909,25,17.6190476190476,-0.158329867065662,0.0216499879389437,-0.418580457063009,0.358208955223881,12
"PHI","2024_03_PHI_NO",0,311,172,2,0.375,0.142857142857143,45,23.1176470588235,-0.0990269213132717,-0.120204020113981,0.31109253513316,0.390243902439024,15
"LA","2024_03_SF_LA",1,221,98,0,0.461538461538462,0.142857142857143,112,25,0.161380767787263,0.0998972227686308,0.141513049634539,0.506849315068493,24
"SF","2024_03_SF_LA",0,292,137,1,0.642857142857143,0.125,74,21.8947368421053,0.138587440979818,0.462003176039528,-0.0382866760615136,0.523809523809524,24
"CIN","2024_03_WAS_CIN",1,324,124,0,0.6,0.0952380952380952,23,24.5,0.304209767336394,0.390925926171106,0.323579094295565,0.592105263157895,32
"WAS","2024_03_WAS_CIN",0,254,108,0,0.555555555555556,0.2,21,24.4117647058824,0.431541388123482,0.86447781173522,0.224392336780632,0.608108108108108,38
"BAL","2024_04_BUF_BAL",1,157,271,1,0.555555555555556,0.285714285714286,77,21.3,0.211268353820152,0.388837639518897,0.237687862929306,0.549295774647887,35
"BUF","2024_04_BUF_BAL",0,182,81,1,0.214285714285714,0.2,40,20.7368421052632,-0.150194936127123,-0.244665613015034,0.0255790246567498,0.4,10
"CAR","2024_04_CIN_CAR",1,220,155,1,0.470588235294118,0.153846153846154,20,24.4117647058824,0.0445182508794943,0.00171917503947196,0.00656787324156278,0.534883720930233,24
"CIN","2024_04_CIN_CAR",0,232,141,1,0.533333333333333,0.176470588235294,56,30.8235294117647,0.203103926355789,0.289941778381152,0.0443661962304154,0.5,31
"CLE","2024_04_CLE_LV",0,176,92,1,0.272727272727273,0.1,34,25.1176470588235,-0.113695320577549,-0.197781451991094,0.00906631069191027,0.397260273972603,16
"LV","2024_04_CLE_LV",1,130,152,1,0.384615384615385,0.2,53,25.5882352941176,-0.0768512031796472,-0.145199162447579,-0.172972289450829,0.452054794520548,20
"DAL","2024_04_DAL_NYG",0,221,80,0,0.25,0.25,74,24.0588235294118,0.109698123190417,0.391152910263021,-0.025296829200641,0.52112676056338,20
"NYG","2024_04_DAL_NYG",1,281,26,1,0.277777777777778,0,50,27.2941176470588,0.0187516682975305,0.108283706246032,-0.318079334865932,0.432098765432099,15
"DEN","2024_04_DEN_NYJ",0,60,126,1,0.2,0.25,55,23.0588235294118,-0.236180883667794,-0.63211706264643,0.0143846428730604,0.368421052631579,10
"NYJ","2024_04_DEN_NYJ",1,225,64,1,0.217391304347826,0,109,18.3888888888889,-0.22519202750384,-0.318105189517075,-0.217001176168621,0.354838709677419,9
"HOU","2024_04_JAX_HOU",1,345,101,0,0.571428571428571,0.15,80,25,0.0983761694609894,0.340609236544171,-0.13972971648036,0.483516483516484,23
"JAX","2024_04_JAX_HOU",0,169,158,1,0.333333333333333,0.2,58,20.8421052631579,0.117308017154503,-0.0406039976133482,0.0266839202706014,0.472972972972973,20
"KC","2024_04_KC_LAC",0,245,101,2,0.5625,0.125,46,17.6666666666667,-0.104128763636832,-0.050202882979554,-0.140560000296869,0.466666666666667,17
"LAC","2024_04_KC_LAC",1,179,55,0,0.307692307692308,0.125,45,20.1,-0.226294446434346,-0.0706891307027065,-0.387224358063307,0.328767123287671,10
"CHI","2024_04_LA_CHI",1,157,131,0,0.384615384615385,0.133333333333333,74,21.8947368421053,0.057077074472892,0.0801351996267567,0.0863833224676245,0.525641025641026,24
"LA","2024_04_LA_CHI",0,224,119,2,0.454545454545455,0.0714285714285714,54,20.8823529411765,0.044435534120273,-0.0693219908042895,0.17981728352913,0.540540540540541,18
"GB","2024_04_MIN_GB",1,389,86,5,0.333333333333333,0.235294117647059,59,19.3333333333333,-0.0741497730005995,-0.161053586893052,-0.0150957313997328,0.467391304347826,28
"MIN","2024_04_MIN_GB",0,275,120,2,0.384615384615385,0.142857142857143,64,19.2777777777778,0.000526362088742321,0.270894609750587,-0.196340351618992,0.505747126436782,31
"NE","2024_04_NE_SF",0,168,73,3,0.333333333333333,0.111111111111111,33,25,-0.268605382026416,-0.414956861485688,-0.572935927781926,0.443037974683544,13
"SF","2024_04_NE_SF",1,288,148,2,0.571428571428571,0.111111111111111,30,23.8235294117647,-0.0213707415675947,0.248394126668229,0.0298174632705688,0.43421052631579,30
"ATL","2024_04_NO_ATL",1,238,88,2,0.363636363636364,0,81,23.1176470588235,0.0850433768114459,-0.029699907205334,0.138249358845254,0.430555555555556,23
"NO","2024_04_NO_ATL",0,239,131,1,0.538461538461538,0.142857142857143,55,23.8823529411765,0.0482089715148425,-0.00293746688324301,0.130881748036094,0.522222222222222,24
"PHI","2024_04_PHI_TB",0,158,113,1,0.428571428571429,0.181818181818182,20,21.6666666666667,-0.0342478852443241,-0.294232332257606,0.366899705568549,0.486111111111111,16
"TB","2024_04_PHI_TB",1,347,111,1,0.533333333333333,0.2,41,17.6190476190476,0.193069277674175,0.190880115283351,0.245246796347298,0.521739130434783,33
"IND","2024_04_PIT_IND",1,239,133,0,0.533333333333333,0.136363636363636,33,20.7222222222222,0.0245968362776515,0.376120482301809,-0.157305933167084,0.469135802469136,27
"PIT","2024_04_PIT_IND",0,312,122,2,0.5,0.176470588235294,58,24.8823529411765,-0.0185143603691175,-0.0644158620302365,-0.0523481366379806,0.517647058823529,24
"DET","2024_04_SEA_DET",1,299,116,0,0.5,0.238095238095238,57,21.2352941176471,0.336738788859125,0.891932886318748,0.0902894569198208,0.582089552238806,42
"SEA","2024_04_SEA_DET",0,395,133,2,0.545454545454545,0.166666666666667,114,21.0555555555556,0.081353424914224,-0.000500724763785717,0.359701285676381,0.528301886792453,29
"MIA","2024_04_TEN_MIA",1,96,106,1,0.153846153846154,0.142857142857143,88,27,-0.272463473972959,-0.470507713710921,-0.421584686527902,0.364864864864865,12
"TEN","2024_04_TEN_MIA",0,110,142,1,0.266666666666667,0.153846153846154,79,20.7647058823529,0.0425051746742844,-0.353308740449033,-0.00214116500152057,0.423529411764706,30
"ARI","2024_04_WAS_ARI",1,142,181,1,0.363636363636364,0.222222222222222,20,24.5,-0.0604941768451999,-0.232080035681765,0.0323084805677354,0.513888888888889,14
"WAS","2024_04_WAS_ARI",0,233,216,1,0.75,0.285714285714286,111,21.4705882352941,0.382957050209894,0.456814783233213,0.381230921784988,0.621951219512195,41
"ARI","2024_05_ARI_SF",0,195,169,1,0.3,0.0909090909090909,11,25,0.018857065441513,-0.0589467265222575,0.349898393952173,0.513888888888889,24
"SF","2024_05_ARI_SF",1,244,153,3,0.5,0.037037037037037,15,21.4705882352941,-0.0456639940826864,-0.0242388949802022,-0.0667177264493568,0.48051948051948,23
"BAL","2024_05_BAL_CIN",0,348,175,1,0.666666666666667,0.294117647058824,20,24.4117647058824,0.25153987805659,0.49414441551642,0.025026782784627,0.589473684210526,38
"CIN","2024_05_BAL_CIN",1,392,71,1,0.5,0.176470588235294,25,20.7368421052632,0.19561817005964,0.562168323720384,-0.251665426476748,0.50561797752809,38
"BUF","2024_05_BUF_HOU",0,131,150,0,0.1875,0.0714285714285714,45,20.8421052631579,-0.0259931351158517,-0.165546651512269,0.151554187188075,0.375,20
"HOU","2024_05_BUF_HOU",1,331,94,2,0.470588235294118,0.25,45,21.3,-0.0270048150572287,0.159648918086863,-0.361080321749406,0.44047619047619,20
"CAR","2024_05_CAR_CHI",0,194,120,3,0.307692307692308,0,23,20.8823529411765,-0.197330981514138,-0.493862796886556,0.220119675786823,0.426666666666667,10
"CHI","2024_05_CAR_CHI",1,304,128,0,0.416666666666667,0.103448275862069,41,30.8235294117647,0.139559556208067,0.456223038212429,0.00609469581023501,0.454545454545455,36
"CLE","2024_05_CLE_WAS",0,141,104,1,0.125,0.0714285714285714,55,24.5,-0.194971725082197,-0.396242599530788,-0.163950827496592,0.380952380952381,13
"WAS","2024_05_CLE_WAS",1,236,215,2,0.444444444444444,0.130434782608696,28,25.5882352941176,0.0481451224782991,-0.0297542749291569,0.188666315123555,0.390243902439024,34
"DAL","2024_05_DAL_PIT",0,352,109,3,0.588235294117647,0.0555555555555556,80,20.7222222222222,0.0979555540038003,0.242665977923337,-0.0706177681461078,0.5,19
"PIT","2024_05_DAL_PIT",1,150,92,1,0.230769230769231,0.333333333333333,57,27.2941176470588,0.0534573540927804,-0.0637675257870972,0.175614392755908,0.527027027027027,17
"GB","2024_05_GB_LA",0,224,126,1,0.3,0.222222222222222,40,21.8947368421053,0.00661570892462272,-0.0267534875369706,0.0643439004738216,0.441558441558442,24
"LA","2024_05_GB_LA",1,260,134,2,0.5,0.117647058823529,24,19.2777777777778,-0.0758557905034774,-0.18681908169674,0.0512921678114136,0.550561797752809,19
"IND","2024_05_IND_JAX",0,383,99,1,0.5,0.12,34,25,0.175322342053758,0.262255912131709,0.242991357612865,0.505494505494505,34
"JAX","2024_05_IND_JAX",1,371,126,2,0.272727272727273,0.133333333333333,25,24.8823529411765,0.238130437718132,0.396388897768167,0.104487638113763,0.533333333333333,34
"DEN","2024_05_LV_DEN",1,206,109,0,0.25,0.214285714285714,80,25.1176470588235,0.0326363815728506,0.0861860457156182,0.049221494491212,0.481927710843373,34
"LV","2024_05_LV_DEN",0,231,115,3,0.4375,0.2,43,18.3888888888889,-0.173504625986364,-0.392512400947938,0.0991910447029648,0.4,18
"MIA","2024_05_MIA_NE",0,194,193,2,0.307692307692308,0.1,75,23.8235294117647,-0.0464245559224541,-0.0998694115595164,-0.051460667781634,0.406593406593407,15
"NE","2024_05_MIA_NE",1,160,151,0,0.285714285714286,0,84,20.7647058823529,-0.170922204617188,-0.251335245183151,0.231255612488349,0.428571428571429,10
"KC","2024_05_NO_KC",1,331,139,1,0.4,0.08,95,23.1176470588235,0.0952614566222221,0.0719539402348901,0.233096117548855,0.572916666666667,26
"NO","2024_05_NO_KC",0,182,46,1,0.416666666666667,0.25,30,20.1,-0.0876587066099042,-0.0737865990781252,-0.161904366081581,0.382352941176471,13
"NYG","2024_05_NYG_SEA",0,257,175,1,0.5,0.1,25,21.2352941176471,-0.00778789290981637,0.205140927348803,-0.202415968464758,0.5,29
"SEA","2024_05_NYG_SEA",1,284,102,1,0.25,0.142857142857143,25,24.0588235294118,-0.175364652742955,-0.204764993785711,0.371764686355494,0.525641025641026,20
"MIN","2024_05_NYJ_MIN",1,203,82,2,0.3125,0.125,115,23.0588235294118,-0.0724320180529687,-0.261783143554183,-0.295370346800025,0.444444444444444,23
"NYJ","2024_05_NYJ_MIN",0,244,36,3,0.333333333333333,0.142857142857143,41,19.3333333333333,-0.161901812183258,-0.283444363847164,-0.547941187084819,0.455555555555556,17
"ATL","2024_05_TB_ATL",1,509,73,1,0.466666666666667,0.181818181818182,87,21.6666666666667,0.14316196399992,0.355892680137096,-0.186954712427299,0.514018691588785,30
"TB","2024_05_TB_ATL",0,180,160,1,0.545454545454545,0.142857142857143,34,23.8823529411765,0.201956471584494,0.375505519606473,-0.0289853318321343,0.552238805970149,30
"ARI","2024_06_ARI_GB",0,214,89,3,0.363636363636364,0.111111111111111,85,19.2777777777778,-0.130582380496773,-0.0530890718328871,-0.223907374852823,0.493333333333333,13
"GB","2024_06_ARI_GB",1,258,179,1,0.533333333333333,0.176470588235294,55,21.4705882352941,0.160974983823787,0.464208034716917,0.128071133537257,0.550561797752809,34
"ATL","2024_06_ATL_CAR",0,225,198,1,0.538461538461538,0.133333333333333,25,30.8235294117647,0.201435462162828,0.232066112961881,0.320625039565127,0.536585365853659,38
"CAR","2024_06_ATL_CAR",1,221,114,2,0.416666666666667,0.105263157894737,94,23.8823529411765,-0.0900755232006567,-0.129126174979144,-0.0501150356922897,0.464285714285714,20
"BUF","2024_06_BUF_NYJ",0,215,149,0,0.384615384615385,0.136363636363636,116,23.0588235294118,0.129387853010611,0.401773191125408,0.174362880657039,0.517647058823529,23
"NYJ","2024_06_BUF_NYJ",1,294,121,1,0.4,0.0588235294117647,88,21.3,0.075101067139318,0.293606621051591,-0.00110632613567372,0.448717948717949,20
"CIN","2024_06_CIN_NYG",0,208,121,1,0.333333333333333,0,24,24.0588235294118,0.0177290997730945,-0.0160216387519669,0.121299519061318,0.46875,17
"NYG","2024_06_CIN_NYG",1,205,119,1,0.411764705882353,0.25,52,24.4117647058824,-0.133797625652282,-0.333411465720118,0.13039783181254,0.477777777777778,7
"CLE","2024_06_CLE_PHI",0,168,100,0,0.1875,0,80,17.6190476190476,-0.0703315556749708,0.0541423240145317,-0.104048295288099,0.426666666666667,13
"PHI","2024_06_CLE_PHI",1,264,116,0,0.333333333333333,0,15,25.5882352941176,-0.0123514894859353,0.274758363708997,0.0871960888052854,0.461538461538462,20
"DAL","2024_06_DET_DAL",1,224,53,5,0.333333333333333,0,38,21.0555555555556,-0.274493585531052,-0.681838382199671,-0.161948718086077,0.435294117647059,9
"DET","2024_06_DET_DAL",0,334,184,0,0.333333333333333,0.142857142857143,55,27.2941176470588,0.308222789953422,0.54019432119892,0.227199034038623,0.518072289156627,47
"HOU","2024_06_HOU_NE",0,192,192,1,0.4,0.235294117647059,50,23.8235294117647,0.117183752514011,0.0545807564686086,0.192388508759905,0.451219512195122,41
"NE","2024_06_HOU_NE",1,243,82,4,0.230769230769231,0.142857142857143,38,20.8421052631579,-0.221343382764393,-0.406297705229057,-0.163554360290828,0.453488372093023,21
"IND","2024_06_IND_TEN",0,189,80,1,0.529411764705882,0.0526315789473684,98,27,0.0238845337449607,0.0414050799880087,-0.279916924156204,0.433734939759036,20
"TEN","2024_06_IND_TEN",1,95,146,1,0.357142857142857,0.142857142857143,55,24.8823529411765,-0.0299583486882672,-0.210550458361087,0.152087991552045,0.413333333333333,17
"CHI","2024_06_JAX_CHI",1,226,152,1,0.466666666666667,0.285714285714286,29,25,0.273882218332695,0.446032625512089,0.104089394956285,0.551282051282051,35
"JAX","2024_06_JAX_CHI",0,240,68,2,0.4375,0.0526315789473684,24,20.8823529411765,0.01245925248361,0.0189798336541457,-0.0616343139156111,0.441558441558442,16
"DEN","2024_06_LAC_DEN",1,216,110,2,0.2,0.5,30,17.6666666666667,-0.048362734822242,-0.0961465829398817,0.00867090252477873,0.492957746478873,13
"LAC","2024_06_LAC_DEN",0,237,128,0,0.631578947368421,0.0476190476190476,27,18.3888888888889,0.0892449770963451,0.219344494598276,-0.0559045446728955,0.473118279569892,23
"LV","2024_06_PIT_LV",1,227,57,3,0.181818181818182,0.153846153846154,15,20.7222222222222,-0.27302954988693,-0.0908724085924637,-0.582400662750986,0.473684210526316,13
"PIT","2024_06_PIT_LV",0,145,183,0,0.375,0.125,77,25.1176470588235,0.0849416723832766,-0.0154524370547721,0.19255255015579,0.451219512195122,32
"SEA","2024_06_SF_SEA",1,312,52,3,0.368421052631579,0.1,50,25,0.0293963453467329,0.0854486377009615,-0.173069269949337,0.458333333333333,24
"SF","2024_06_SF_SEA",0,255,228,0,0.416666666666667,0.142857142857143,53,21.2352941176471,0.260719597568889,0.418786644031394,0.274069739607516,0.530864197530864,36
"NO","2024_06_TB_NO",1,243,81,3,0.333333333333333,0.166666666666667,40,21.6666666666667,-0.259973178788333,-0.509058744679183,-0.200588514174721,0.466666666666667,27
"TB","2024_06_TB_NO",0,325,277,3,0.6,0.173913043478261,116,23.1176470588235,0.0717839353007102,0.084454863918858,0.367914138102372,0.536082474226804,50
"BAL","2024_06_WAS_BAL",1,323,176,1,0.666666666666667,0.166666666666667,36,24.5,0.18508266033526,0.392915406338734,-0.00980124348174198,0.542168674698795,30
"WAS","2024_06_WAS_BAL",0,269,52,0,0.307692307692308,0.117647058823529,43,20.7368421052632,0.147470718491331,0.249819346490649,-0.209078196411877,0.526315789473684,20
"BAL","2024_07_BAL_TB",0,281,244,1,0.375,0.19047619047619,100,21.6666666666667,0.301233250257474,1.0465434907669,0.0125998539365051,0.540540540540541,41
"TB","2024_07_BAL_TB",1,370,125,2,0.55,0.111111111111111,60,20.7368421052632,0.0885074891437052,0.244920958544098,-0.0874437451937723,0.525252525252525,31
"CAR","2024_07_CAR_WAS",0,89,95,2,0.3,0.2,30,24.5,-0.319746328724665,-0.916306438596803,-0.0718938223409086,0.466666666666667,7
"WAS","2024_07_CAR_WAS",1,211,213,0,0.461538461538462,0.125,84,30.8235294117647,0.220459793749086,0.407388223677325,0.166591324190812,0.583333333333333,40
"CIN","2024_07_CIN_CLE",0,181,59,0,0.153846153846154,0.2,35,25.5882352941176,-0.105824620063471,-0.0632808449320563,-0.361767564342524,0.380281690140845,21
"CLE","2024_07_CIN_CLE",1,277,77,2,0.428571428571429,0.153846153846154,82,24.4117647058824,-0.187340260095168,-0.209846235094069,0.00257289108944003,0.357142857142857,12
"DEN","2024_07_DEN_NO",0,164,225,1,0.363636363636364,0.142857142857143,32,23.1176470588235,0.0668964112565801,0.044759395995735,0.187639678722673,0.556962025316456,33
"NO","2024_07_DEN_NO",1,210,97,2,0.333333333333333,0.333333333333333,50,18.3888888888889,-0.289339771481018,-0.541472392372879,0.0593693470407743,0.409090909090909,9
"DET","2024_07_DET_MIN",0,280,144,1,0.4,0.142857142857143,49,19.3333333333333,0.0433266975527884,0.514410232416563,-0.313898783205077,0.48051948051948,28
"MIN","2024_07_DET_MIN",1,259,139,1,0.363636363636364,0,59,21.0555555555556,0.00809985306953696,-0.0239687241228396,0.171103264019453,0.386666666666667,29
"GB","2024_07_HOU_GB",1,220,82,2,0.4,0.2,70,20.8421052631579,0.0311208537419957,-0.0172671643371724,-0.187919822760159,0.493150684931507,21
"HOU","2024_07_HOU_GB",0,86,142,1,0.266666666666667,0.111111111111111,40,19.2777777777778,0.040083610377934,-0.454540622222224,0.0356404063407417,0.481012658227848,19
"KC","2024_07_KC_SF",0,154,184,2,0.571428571428571,0.19047619047619,20,25,0.0543010587415284,-0.197353185088261,0.193491239202951,0.560975609756098,28
"SF","2024_07_KC_SF",1,212,101,3,0.25,0.125,68,20.1,-0.112361991415956,-0.324103534392168,0.0181841598246685,0.493333333333333,18
"ARI","2024_07_LAC_ARI",1,145,181,1,0.333333333333333,0.0909090909090909,52,17.6666666666667,0.0837151036630212,-0.0131570964093463,0.0831636586463665,0.527777777777778,14
"LAC","2024_07_LAC_ARI",0,349,59,1,0.428571428571429,0,20,21.4705882352941,0.107469460080293,0.138076612884722,-0.115666068201377,0.493506493506494,12
"LA","2024_07_LV_LA",1,154,115,1,0.2,0.181818181818182,39,25.1176470588235,-0.325047488822715,-0.302203778449785,-0.274353623222291,0.436619718309859,20
"LV","2024_07_LV_LA",0,206,122,4,0.235294117647059,0,69,21.8947368421053,-0.264831201644541,-0.528184960678874,-0.0428100904732831,0.389473684210526,15
"IND","2024_07_MIA_IND",1,129,155,1,0.307692307692308,0.0769230769230769,25,20.7647058823529,-0.158139610568299,-0.222054007439684,-0.176296426616498,0.392405063291139,16
"MIA","2024_07_MIA_IND",0,161,188,2,0.4375,0.111111111111111,50,24.8823529411765,-0.228643321735958,-0.0833492472542263,-0.374604209653711,0.452380952380952,10
"JAX","2024_07_NE_JAX",1,193,171,0,0.6,0.115384615384615,5,23.8235294117647,0.232356506874388,0.532806889194104,0.0837818269680541,0.569444444444444,31
"NE","2024_07_NE_JAX",0,276,38,0,0.4,0.142857142857143,54,25,-0.0198693492478071,0.171594641534795,-0.186687930161133,0.421052631578947,16
"NYJ","2024_07_NYJ_PIT",0,276,54,2,0.3,0.181818181818182,37,20.7222222222222,-0.119978778636618,0.00206637169363989,-0.0925891394338881,0.44,15
"PIT","2024_07_NYJ_PIT",1,264,149,0,0.357142857142857,0.153846153846154,49,23.0588235294118,0.180613237666702,0.292044622286767,0.0438069295172076,0.463414634146341,36
"NYG","2024_07_PHI_NYG",1,105,76,0,0.176470588235294,0,45,17.6190476190476,-0.259356883756647,-0.618490057428264,-0.0428622666982442,0.402597402597403,3
"PHI","2024_07_PHI_NYG",0,114,269,0,0.0714285714285714,0.157894736842105,25,24.0588235294118,0.133594453556307,-0.187427036289591,0.298342865142992,0.451219512195122,28
"ATL","2024_07_SEA_ATL",1,246,155,3,0.444444444444444,0.181818181818182,42,21.2352941176471,-0.143411033645705,-0.206498021021044,0.0367570944457134,0.5,14
"SEA","2024_07_SEA_ATL",0,242,103,0,0.461538461538462,0.181818181818182,72,23.8823529411765,0.172889301564414,0.312460578068831,-0.11686291764356,0.460526315789474,34
"BUF","2024_07_TEN_BUF",1,323,74,0,0.363636363636364,0.2,27,27,0.17047059893212,0.377998428359216,-0.0496013487820164,0.5,33
"TEN","2024_07_TEN_BUF",0,215,89,2,0.388888888888889,0.0909090909090909,65,21.3,-0.151028646301867,-0.0868956237662234,-0.463175603072159,0.433333333333333,10
"ARI","2024_08_ARI_MIA",0,307,82,0,0.466666666666667,0.125,34,20.7647058823529,0.227882665666992,0.509264991834819,-0.0406904340658072,0.54320987654321,25
"MIA","2024_08_ARI_MIA",1,234,150,0,0.733333333333333,0.1875,10,21.4705882352941,0.201662294603882,0.223896831496926,0.144479943559272,0.545454545454545,27
"ATL","2024_08_ATL_TB",0,276,129,0,0.538461538461538,0.166666666666667,40,21.6666666666667,0.158674596651871,0.488454160182887,0.0157562974749887,0.578947368421053,31
"TB","2024_08_ATL_TB",1,330,102,3,0.642857142857143,0.272727272727273,48,23.8823529411765,0.0415756673999018,0.180645964005912,-0.128834055351382,0.51685393258427,26
"BAL","2024_08_BAL_CLE",0,289,124,0,0.25,0.214285714285714,97,25.5882352941176,0.0549440525357627,0.199200828395215,-0.0922735887524184,0.5,24
"CLE","2024_08_BAL_CLE",1,334,80,1,0.5,0,30,20.7368421052632,0.11854454955132,0.270444555019655,-0.1336952308751,0.517647058823529,29
"BUF","2024_08_BUF_SEA",0,283,164,2,0.5625,0.16,107,21.2352941176471,0.190545140150654,0.357011365156372,0.265088644297418,0.532608695652174,31
"SEA","2024_08_BUF_SEA",1,212,32,1,0.125,0.0666666666666667,60,21.3,-0.100564005301863,0.0384371501685089,-0.680132258637968,0.492537313432836,10
"CAR","2024_08_CAR_DEN",0,224,69,2,0.294117647058824,0.2,83,18.3888888888889,-0.124222422272253,-0.13712057115772,-0.162730515093426,0.454545454545455,13
"DEN","2024_08_CAR_DEN",1,315,102,2,0.647058823529412,0.173913043478261,9,30.8235294117647,0.0601429108568196,0.0959594830297069,-0.0474361869778173,0.482352941176471,28
"CHI","2024_08_CHI_WAS",0,131,202,1,0.133333333333333,0.0909090909090909,51,24.5,-0.0816230825988817,-0.295882902279114,0.011831952373596,0.4375,13
"WAS","2024_08_CHI_WAS",1,326,168,0,0.3125,0,39,20.8823529411765,-0.00579623666165527,0.160952167572733,-0.0325435538616148,0.426966292134831,12
"DAL","2024_08_DAL_SF",0,243,56,2,0.384615384615385,0.2,58,25,0.0257196667137584,0.0231545144145781,-0.109369379903203,0.481012658227848,24
"SF","2024_08_DAL_SF",1,260,223,0,0.470588235294118,0.2,45,27.2941176470588,0.107843413293676,0.261499182398566,0.243463815552705,0.523809523809524,30
"GB","2024_08_GB_JAX",0,252,170,1,0.333333333333333,0.0952380952380952,51,25,0.132928777632441,0.21529848192078,0.0274143408783452,0.49438202247191,27
"JAX","2024_08_GB_JAX",1,308,91,2,0.0909090909090909,0.272727272727273,28,19.2777777777778,0.0631027730677172,0.162695823751905,-0.084316699782866,0.513157894736842,26
"HOU","2024_08_IND_HOU",1,285,96,1,0.357142857142857,0.142857142857143,32,24.8823529411765,-0.0184589253404904,0.141120704438748,-0.35256456174679,0.460674157303371,23
"IND","2024_08_IND_HOU",0,175,150,2,0.153846153846154,0.125,55,20.8421052631579,-0.0338176403683813,-0.224326270333981,0.0968285459164735,0.357142857142857,20
"KC","2024_08_KC_LV",0,262,82,1,0.75,0.166666666666667,50,25.1176470588235,0.0730702028703375,0.278652559332859,0.023797328814488,0.535714285714286,27
"LV","2024_08_KC_LV",1,209,33,1,0.466666666666667,0.0909090909090909,37,20.1,-0.0425325233739104,0.207461116471104,-0.495619132960565,0.506849315068493,19
"LA","2024_08_MIN_LA",1,279,107,1,0.5,0.166666666666667,80,19.3333333333333,0.149664634810012,0.467361109603457,-0.14279456254986,0.50561797752809,30
"MIN","2024_08_MIN_LA",0,240,64,0,0.285714285714286,0.153846153846154,10,21.8947368421053,0.0949878942793183,0.302437195879321,-0.151277404184276,0.5,20
"LAC","2024_08_NO_LAC",1,279,122,0,0.25,0.125,32,23.1176470588235,0.0419362101572573,0.0614123701501662,-0.0814827505029306,0.390243902439024,25
"NO","2024_08_NO_LAC",0,281,117,0,0.111111111111111,0,68,17.6666666666667,-0.205466582941803,-0.230702235232265,-0.129035776328584,0.376344086021505,8
"NYG","2024_08_NYG_PIT",0,264,157,2,0.277777777777778,0,70,20.7222222222222,-0.0277763083188558,-0.0279870662336419,0.166443102629855,0.43956043956044,18
"PIT","2024_08_NYG_PIT",1,278,167,1,0.4,0,45,24.0588235294118,0.051893887264002,0.121444664780733,0.0454062964786621,0.506024096385542,26
"NE","2024_08_NYJ_NE",1,155,112,0,0.466666666666667,0.157894736842105,50,23.0588235294118,0.01443964402343,-0.00176105763957972,0.0780599677217974,0.469135802469136,23
"NYJ","2024_08_NYJ_NE",0,233,112,0,0.5,0.157894736842105,55,23.8235294117647,0.0186357897275217,0.140524639744904,0.0570206443163833,0.506493506493506,22
"CIN","2024_08_PHI_CIN",1,234,58,2,0.769230769230769,0.133333333333333,0,17.6190476190476,-0.0168576842826541,0.0633088032359739,-0.129414369290891,0.457142857142857,17
"PHI","2024_08_PHI_CIN",0,236,161,0,0.5,0.166666666666667,43,24.4117647058824,0.319691958030985,0.720228018436605,0.141891897356566,0.554054054054054,34
"DET","2024_08_TEN_DET",1,94,164,0,0.4,0.227272727272727,15,27,0.182178505432819,-0.190340093832175,0.231739995125584,0.578125,52
"TEN","2024_08_TEN_DET",0,266,158,4,0.272727272727273,0.153846153846154,69,21.0555555555556,-0.32988663195279,-0.439143584706098,-0.109136343688078,0.446808510638298,14
"ARI","2024_09_CHI_ARI",1,154,213,2,0.384615384615385,0.0952380952380952,17,20.8823529411765,0.0428039614055495,-0.317417834704461,0.0982191201917593,0.506849315068493,29
"CHI","2024_09_CHI_ARI",0,217,69,0,0.25,0,31,21.4705882352941,-0.182892326843072,-0.232169139384565,-0.219327971609098,0.325842696629214,9
"ATL","2024_09_DAL_ATL",1,222,100,1,0.285714285714286,0.230769230769231,25,27.2941176470588,0.0185402847706572,0.276086371471243,-0.0580988371425687,0.458333333333333,27
"DAL","2024_09_DAL_ATL",0,248,137,0,0.230769230769231,0.153846153846154,56,23.8823529411765,-0.0388280890305156,-0.0941177617480497,0.215048081158394,0.436170212765957,19
"BAL","2024_09_DEN_BAL",1,280,127,0,0.375,0.173913043478261,56,18.3888888888889,0.342818205061851,0.966950780715702,0.0814094907302561,0.605633802816901,41
"DEN","2024_09_DEN_BAL",0,225,122,1,0.4,0.0434782608695652,68,20.7368421052632,-0.119890040893492,-0.199008774911114,-0.110783348072738,0.364705882352941,10
"DET","2024_09_DET_GB",0,145,124,0,0.357142857142857,0.0952380952380952,22,19.2777777777778,0.110883411899207,0.258390458192234,0.0221387805007719,0.514285714285714,24
"GB","2024_09_DET_GB",1,273,138,1,0.307692307692308,0.0625,81,21.0555555555556,-0.0558503147427457,-0.0770319060931722,0.0909363123935506,0.475,12
"HOU","2024_09_HOU_NYJ",0,191,187,1,0.31578947368421,0.0476190476190476,108,23.0588235294118,0.0115980637160271,-0.363174184371672,0.245436082543373,0.410526315789474,10
"NYJ","2024_09_HOU_NYJ",1,211,100,1,0.384615384615385,0,35,20.8421052631579,0.120356638972632,0.253104092794648,-0.301844418494147,0.464788732394366,21
"IND","2024_09_IND_MIN",0,179,68,2,0.272727272727273,0,66,19.3333333333333,-0.291402899373511,-0.292512430947469,-0.382392996026935,0.409090909090909,10
"MIN","2024_09_IND_MIN",1,312,133,3,0.461538461538462,0.166666666666667,25,24.8823529411765,-0.133584842150824,-0.0803684994281514,0.00606980515576359,0.517647058823529,21
"JAX","2024_09_JAX_PHI",0,169,60,2,0.363636363636364,0.222222222222222,28,17.6190476190476,-0.0704751361285265,-0.251007659094668,-0.0295597717032411,0.424242424242424,23
"PHI","2024_09_JAX_PHI",1,230,237,2,0.473684210526316,0.166666666666667,56,25,0.0114171341875399,0.149417567907972,-0.0622825136379409,0.436170212765957,28
"CLE","2024_09_LAC_CLE",1,235,79,3,0.333333333333333,0.0666666666666667,30,17.6666666666667,-0.269160970816487,-0.403160044029246,0.0160146789761105,0.431578947368421,9
"LAC","2024_09_LAC_CLE",0,282,96,0,0.333333333333333,0.222222222222222,30,25.5882352941176,-0.0646552684955716,0.0401272945583312,0.0179239489398674,0.337837837837838,27
"LA","2024_09_LA_SEA",0,298,68,1,0.333333333333333,0.05,90,21.2352941176471,-0.0404408738700437,0.0880322388072765,-0.239939971549578,0.419354838709677,20
"SEA","2024_09_LA_SEA",1,363,107,3,0.294117647058824,0.153846153846154,88,21.8947368421053,-0.156055060853089,-0.1332999100531,-0.396180285231821,0.44,20
"CIN","2024_09_LV_CIN",1,251,130,1,0.533333333333333,0.16,51,25.1176470588235,0.113632843158909,0.175416829634252,-0.03115040196431,0.565217391304348,41
"LV","2024_09_LV_CIN",0,198,60,2,0.428571428571429,0.1,60,24.4117647058824,-0.1018302261836,-0.252308125097586,-0.342892578950373,0.481481481481481,23
"BUF","2024_09_MIA_BUF",1,235,94,1,0.538461538461538,0.105263157894737,62,20.7647058823529,0.217609631615489,0.227015020002003,0.0385495354013343,0.59493670886076,27
"MIA","2024_09_MIA_BUF",0,231,149,1,0.555555555555556,0.2,35,21.3,0.21515357640159,0.604976831961867,0.0161398063510095,0.584415584415584,27
"NE","2024_09_NE_TEN",0,206,110,3,0.266666666666667,0.142857142857143,68,27,-0.0877073300296141,-0.25109894316652,0.268608633862459,0.476190476190476,17
"TEN","2024_09_NE_TEN",1,240,167,1,0.4375,0.1,57,23.8235294117647,-0.0526737075848717,0.15220145642867,-0.111825273536615,0.41304347826087,17
"CAR","2024_09_NO_CAR",1,171,80,1,0.4,0.272727272727273,77,23.1176470588235,0.0315162630222698,-0.0199643962739072,0.00829258448876709,0.436619718309859,23
"NO","2024_09_NO_CAR",0,236,197,0,0.333333333333333,0.125,87,30.8235294117647,0.0658344165697648,0.0664903129809563,0.179472576655027,0.446808510638298,22
"KC","2024_09_TB_KC",1,291,124,1,0.666666666666667,0.222222222222222,5,21.6666666666667,0.142635499314343,0.258967751090271,-0.0223188842189431,0.545454545454545,24
"TB","2024_09_TB_KC",0,200,95,0,0.428571428571429,0.272727272727273,75,20.1,0.135270670920667,0.231480722365939,0.116705328884755,0.450704225352113,23
"NYG","2024_09_WAS_NYG",1,174,164,1,0.538461538461538,0.166666666666667,52,24.5,0.128671669360072,-0.0656004173069879,0.270114002430121,0.5,22
"WAS","2024_09_WAS_NYG",0,209,149,0,0.416666666666667,0.12,51,24.0588235294118,0.220323988659104,0.445896378744416,0.227152653251375,0.594594594594595,27
"ATL","2024_10_ATL_NO",0,306,181,1,0.411764705882353,0.0625,75,23.1176470588235,-0.0365464487385099,-0.0303767436356571,0.207136067492684,0.531914893617021,17
"NO","2024_10_ATL_NO",1,269,96,0,0.384615384615385,0.0625,46,23.8823529411765,-0.017195965399606,0.248914280657268,-0.231783903912471,0.426470588235294,20
"BUF","2024_10_BUF_IND",0,280,135,2,0.5,0.111111111111111,49,24.8823529411765,0.0157362506050691,-0.165731110063837,0.261427283083322,0.488888888888889,30
"IND","2024_10_BUF_IND",1,272,121,4,0.357142857142857,0.0952380952380952,30,21.3,-0.166923135114366,-0.319260546341122,-0.1307206294838,0.481012658227848,19
"BAL","2024_10_CIN_BAL",1,290,99,0,0.615384615384615,0.222222222222222,43,24.4117647058824,0.208579808629139,0.595754615621197,-0.0392393397231306,0.525,35
"CIN","2024_10_CIN_BAL",0,428,49,1,0.529411764705882,0.157894736842105,61,20.7368421052632,0.169379409107152,0.203903305299902,-0.292462383757083,0.526315789473684,34
"DEN","2024_10_DEN_KC",0,215,78,0,0.5,0.111111111111111,25,20.1,-0.0135063807968677,0.240510895819241,-0.160451856187275,0.438356164383562,14
"KC","2024_10_DEN_KC",1,266,57,0,0.444444444444444,0.0476190476190476,20,18.3888888888889,0.0192857476749917,0.0843039787518327,-0.193067285198443,0.425,13
"DET","2024_10_DET_HOU",0,240,105,5,0.5,0.375,15,20.8421052631579,-0.079450077614483,-0.0622940435922642,-0.169269012076526,0.45,23
"HOU","2024_10_DET_HOU",1,232,56,2,0.4,0.105263157894737,76,21.0555555555556,-0.125774890960132,-0.158769157912207,-0.31619356144212,0.423529411764706,23
"LA","2024_10_MIA_LA",1,293,70,2,0.214285714285714,0,19,20.7647058823529,-0.201237533869612,-0.152146234950916,-0.493162631403215,0.488372093023256,12
"MIA","2024_10_MIA_LA",0,207,67,2,0.461538461538462,0.333333333333333,60,21.8947368421053,-0.0668495379627619,-0.0493952083597312,-0.225956632162533,0.454545454545455,23
"JAX","2024_10_MIN_JAX",1,111,56,3,0.454545454545455,0.2,20,19.3333333333333,-0.190481542518872,-0.359909386453219,-0.310110424619375,0.418181818181818,7
"MIN","2024_10_MIN_JAX",0,241,169,3,0.4,0,45,25,-0.00948653108391321,-0.0621117359048379,0.0521462636792566,0.473684210526316,12
"CHI","2024_10_NE_CHI",1,120,73,0,0.125,0,35,23.8235294117647,-0.30462321312128,-0.57326822964447,-0.0676259409665363,0.358974358974359,3
"NE","2024_10_NE_CHI",0,184,144,1,0.357142857142857,0.0555555555555556,30,20.8823529411765,-0.0363305588381502,-0.0513170796190815,0.0480339774700637,0.487179487179487,19
"CAR","2024_10_NYG_CAR",1,126,188,1,0.375,0.142857142857143,35,24.0588235294118,-0.0165729416968487,-0.263135331117905,0.182637433020939,0.435897435897436,17
"NYG","2024_10_NYG_CAR",0,190,167,3,0.466666666666667,0.111111111111111,67,30.8235294117647,-0.0646275650097939,-0.272843660407787,0.0474360525205901,0.565217391304348,17
"ARI","2024_10_NYJ_ARI",1,266,147,0,0.714285714285714,0.307692307692308,50,23.0588235294118,0.325060325491166,0.719222243263704,0.0974475423741575,0.623188405797101,31
"NYJ","2024_10_NYJ_ARI",0,151,79,1,0.5,0,33,21.4705882352941,-0.0497641486928923,-0.286667054138074,0.132049086692003,0.522388059701492,6
"DAL","2024_10_PHI_DAL",1,66,97,5,0.25,0,29,17.6190476190476,-0.486668893324677,-0.886233128318789,-0.47175018824869,0.44,6
"PHI","2024_10_PHI_DAL",0,207,187,2,0.363636363636364,0.2,60,27.2941176470588,-0.0225883685912035,-0.226663889173856,0.0787151050279474,0.493975903614458,34
"PIT","2024_10_PIT_WAS",0,195,140,3,0.4375,0.176470588235294,48,24.5,0.057463354526392,0.145364859034089,-0.157062548033718,0.410526315789474,28
"WAS","2024_10_PIT_WAS",1,202,60,0,0.357142857142857,0.2,42,20.7222222222222,0.0290098784377024,-0.250323798776052,0.0550402204667493,0.55,27
"SF","2024_10_SF_TB",0,353,75,0,0.5,0.0714285714285714,47,21.6666666666667,0.13425038116757,0.442774413259476,-0.126609609426288,0.582278481012658,20
"TB","2024_10_SF_TB",1,116,110,1,0.375,0.133333333333333,44,25,0.0599951295219288,-0.0490559343787674,-0.0633858777302387,0.506493506493506,17
"LAC","2024_10_TEN_LAC",1,164,145,0,0.4,0.125,33,27,0.195863599270095,0.537161365938901,0.0391011978269645,0.535211267605634,27
"TEN","2024_10_TEN_LAC",0,175,132,0,0.272727272727273,0.125,65,17.6666666666667,0.0412230842032896,0.0454505935102072,0.218953613355485,0.506849315068493,16
"ATL","2024_11_ATL_DEN",0,197,50,1,0.357142857142857,0,40,18.3888888888889,-0.171990238197613,-0.156295563681515,-0.464330184747398,0.44,6
"DEN","2024_11_ATL_DEN",1,307,105,0,0.5,0.222222222222222,57,23.8823529411765,0.293851287435426,0.668276713696388,-0.00344938114889931,0.56,38
"BAL","2024_11_BAL_PIT",0,207,124,3,0.307692307692308,0.4,60,20.7222222222222,-0.167350651023196,-0.179161235995087,0.0403091284452885,0.423076923076923,16
"PIT","2024_11_BAL_PIT",1,205,122,1,0.222222222222222,0,65,20.7368421052632,-0.104001697840431,-0.289780308524634,-0.201906552878427,0.416666666666667,18
"CIN","2024_11_CIN_LAC",0,356,110,0,0.294117647058824,0.08,70,17.6666666666667,0.00902373476696344,0.121436851715496,0.0645528370537795,0.425742574257426,27
"LAC","2024_11_CIN_LAC",1,297,155,1,0.285714285714286,0.0666666666666667,36,24.4117647058824,0.04192743443238,0.0618885707175237,0.0249890590948053,0.488372093023256,33
"CLE","2024_11_CLE_NO",0,395,66,0,0.214285714285714,0,30,23.1176470588235,-0.0738271699781737,0.176636022015313,-0.34315297966823,0.4,14
"NO","2024_11_CLE_NO",1,266,214,2,0.5,0.142857142857143,25,25.5882352941176,0.218667953363402,0.170046965954437,0.474297808789953,0.527777777777778,35
"CHI","2024_11_GB_CHI",1,231,179,0,0.5625,0.1,60,19.2777777777778,0.137306981397471,0.0912384137722153,0.312797472397486,0.5,19
"GB","2024_11_GB_CHI",0,261,106,1,0.2,0.2,15,20.8823529411765,0.266989017077161,0.726430307087462,-0.0646669290732779,0.545454545454545,20
"DAL","2024_11_HOU_DAL",1,358,64,2,0.3125,0,80,20.8421052631579,-0.227284922984031,-0.268676599406935,-0.429618346554119,0.397959183673469,10
"HOU","2024_11_HOU_DAL",0,257,141,1,0.307692307692308,0.0769230769230769,55,27.2941176470588,0.111233984298467,0.183371769929251,0.20848935436341,0.4625,33
"IND","2024_11_IND_NYJ",0,272,91,1,0.4,0.230769230769231,35,23.0588235294118,0.0452066648671123,0.263354793360464,-0.206256920484355,0.423529411764706,28
"NYJ","2024_11_IND_NYJ",1,184,91,0,0.307692307692308,0.25,19,24.8823529411765,-0.00772241190734657,-0.0140055768879946,-0.240221163406386,0.457142857142857,27
"DET","2024_11_JAX_DET",1,449,196,0,0.6,0.227272727272727,50,25,0.454120679774995,1.10908357672521,0.134337539335985,0.685393258426966,52
"JAX","2024_11_JAX_DET",0,138,41,1,0.181818181818182,0,36,21.0555555555556,-0.193324189473277,-0.395615970385845,-0.329472656892549,0.432835820895522,6
"BUF","2024_11_KC_BUF",1,262,104,1,0.647058823529412,0.1875,32,20.1,0.140793664296329,0.149043967175709,0.0438542167178419,0.476744186046512,30
"KC","2024_11_KC_BUF",0,196,78,2,0.5,0.2,49,21.3,0.0427569666535655,0.159993667300192,0.0314818797787131,0.544117647058823,21
"LA","2024_11_LA_NE",0,295,107,0,0.222222222222222,0.25,15,23.8235294117647,0.211067189828024,0.59265898750974,0.160616213236825,0.544117647058823,28
"NE","2024_11_LA_NE",1,282,125,2,0.4375,0.0952380952380952,96,21.8947368421053,0.0710163464296038,0.264142434352955,-0.124847205441135,0.516129032258065,22
"LV","2024_11_LV_MIA",0,282,60,1,0.571428571428571,0.0588235294117647,28,20.7647058823529,0.126624657688536,0.107015738426051,0.00430063583577792,0.512820512820513,19
"MIA","2024_11_LV_MIA",1,288,82,0,0.714285714285714,0.115384615384615,44,25.1176470588235,0.322568043294477,0.663211108757546,-0.181762846516974,0.5875,31
"MIN","2024_11_MIN_TEN",0,246,82,1,0.4375,0.142857142857143,81,27,0.027480893201372,0.219028138048804,-0.343192736390847,0.453488372093023,23
"TEN","2024_11_MIN_TEN",1,295,33,1,0.375,0,45,19.3333333333333,-0.147645242329821,0.051848335141657,-0.511049964658205,0.342465753424658,13
"SEA","2024_11_SEA_SF",0,221,94,1,0.428571428571429,0.4,20,25,0.0619580943423807,-0.020970306695958,0.0416974367158811,0.506849315068493,19
"SF","2024_11_SEA_SF",1,159,131,1,0.538461538461538,0.125,54,21.2352941176471,-0.00547390069013073,0.0255672614661473,0.188949603626194,0.473684210526316,17
"PHI","2024_11_WAS_PHI",1,221,228,0,0.5625,0.0588235294117647,30,24.5,0.0676284505994423,0.0291243757620128,0.333198840510292,0.470588235294118,26
"WAS","2024_11_WAS_PHI",0,191,93,1,0.307692307692308,0.2,44,17.6190476190476,-0.0255982521339238,0.0387873775628912,-0.3183181679238,0.5,16
"ARI","2024_12_ARI_SEA",0,285,49,1,0.230769230769231,0,55,21.2352941176471,-0.167075283131825,-0.126486665844718,-0.35936820374835,0.394366197183099,6
"SEA","2024_12_ARI_SEA",1,254,65,1,0.466666666666667,0.2,56,21.4705882352941,-0.0343080323003694,0.0591850178962986,-0.260559955307265,0.407894736842105,16
"BAL","2024_12_BAL_LAC",0,177,212,0,0.533333333333333,0.181818181818182,52,17.6666666666667,0.234870291797957,0.33847482228235,0.316031760657539,0.493506493506494,30
"LAC","2024_12_BAL_LAC",1,218,83,0,0.352941176470588,0.222222222222222,112,20.7368421052632,0.0874429513950903,-0.0459812141896345,0.114636629770393,0.511627906976744,22
"DAL","2024_12_DAL_WAS",0,247,91,1,0.266666666666667,0.0909090909090909,78,24.5,0.0293817925660726,0.258776131151647,-0.425310069189397,0.488636363636364,33
"WAS","2024_12_DAL_WAS",1,275,145,3,0.333333333333333,0.285714285714286,20,27.2941176470588,-0.0666754791616615,-0.236042827354596,0.296978846293668,0.438202247191011,26
"DEN","2024_12_DEN_LV",0,273,63,0,0.375,0.142857142857143,42,25.1176470588235,0.0859174388885854,0.193896030802019,-0.263693792687049,0.470588235294118,26
"LV","2024_12_DEN_LV",1,328,69,2,0.294117647058824,0.0476190476190476,60,18.3888888888889,-0.0860156863339496,-0.247800234848869,-0.0848373493151105,0.5,19
"DET","2024_12_DET_IND",0,269,137,0,0.6,0.1875,32,24.8823529411765,0.116103420442016,0.238747961325753,0.0497717088437639,0.534883720930233,24
"IND","2024_12_DET_IND",1,172,96,0,0.230769230769231,0,88,21.0555555555556,-0.172668803123879,-0.0925581110650139,-0.212418800246087,0.36231884057971,6
"CAR","2024_12_KC_CAR",1,263,85,0,0.333333333333333,0.0645161290322581,77,20.1,0.14030957472187,0.171593818938852,0.229206255926168,0.525,25
"KC","2024_12_KC_CAR",0,269,165,0,0.5625,0.0833333333333333,67,30.8235294117647,0.244472245504774,0.218315230530779,0.385316095184541,0.595505617977528,27
"CHI","2024_12_MIN_CHI",1,340,78,0,0.333333333333333,0.1875,30,19.3333333333333,0.0445507361212103,0.0665331563532879,0.0455005856400186,0.48421052631579,27
"MIN","2024_12_MIN_CHI",0,344,124,2,0.466666666666667,0.142857142857143,95,20.8823529411765,0.144249138102356,0.327654582904963,-0.288705021602892,0.511627906976744,27
"MIA","2024_12_NE_MIA",1,317,65,1,0.384615384615385,0.157894736842105,19,23.8235294117647,0.0311562663536348,0.310995608918228,-0.615482416910503,0.506024096385542,34
"NE","2024_12_NE_MIA",0,222,86,2,0.1875,0,73,20.7647058823529,-0.206983567588158,-0.294631110015932,0.0137529317462061,0.413793103448276,15
"LA","2024_12_PHI_LA",1,243,92,1,0.0909090909090909,0.181818181818182,57,17.6190476190476,-0.0146126754220746,0.0987294791030006,-0.290475271018093,0.506329113924051,20
"PHI","2024_12_PHI_LA",0,179,314,0,0.529411764705882,0.0769230769230769,33,21.8947368421053,0.284536197119035,0.324846165680636,0.348182694457738,0.534883720930233,37
"CLE","2024_12_PIT_CLE",1,219,85,3,0.0833333333333333,0.176470588235294,48,20.7222222222222,-0.0475853823493242,-0.193605714630871,0.226149166712305,0.465753424657534,24
"PIT","2024_12_PIT_CLE",0,270,120,1,0.411764705882353,0.1,39,25.5882352941176,-0.0543990324132756,0.196806942441215,-0.270234293891596,0.409638554216867,19
"GB","2024_12_SF_GB",1,163,169,0,0.466666666666667,0.2,72,25,0.146258882652873,0.265250581571214,0.0418398210624997,0.546511627906977,38
"SF","2024_12_SF_GB",0,199,44,3,0.25,0.125,45,19.2777777777778,-0.287812362703746,-0.509227238219176,-0.237636984626685,0.4,10
"NYG","2024_12_TB_NYG",1,192,76,1,0.454545454545455,0.1,34,21.6666666666667,-0.182462523220973,-0.181984860847782,-0.386474872976051,0.436619718309859,7
"TB","2024_12_TB_NYG",0,294,157,1,0.571428571428571,0.25,37,24.0588235294118,0.214218828541566,0.557195211150489,-0.0138988679031111,0.506666666666667,30
"HOU","2024_12_TEN_HOU",1,247,40,3,0.266666666666667,0.133333333333333,49,27,-0.101121245960135,-0.172038321721615,-0.346601405790459,0.407894736842105,27
"TEN","2024_12_TEN_HOU",0,278,132,2,0.333333333333333,0.125,67,20.8421052631579,-0.00600900348626724,-0.0729995742350046,-0.121247784463021,0.465909090909091,32
"ARI","2024_13_ARI_MIN",0,260,154,2,0.466666666666667,0.0588235294117647,116,19.3333333333333,0.024134903749134,0.0165862358731188,0.0654998719352314,0.514851485148515,22
"MIN","2024_13_ARI_MIN",1,235,68,1,0.125,0.166666666666667,36,21.4705882352941,0.0152974101131568,-0.123850191384468,0.0833776359462977,0.611940298507463,23
"CHI","2024_13_CHI_DET",0,256,78,0,0.4375,0.125,82,21.0555555555556,0.0133807748293979,-0.0287406088527006,0.0479210702391962,0.443037974683544,20
"DET","2024_13_CHI_DET",1,221,194,1,0.428571428571429,0.0869565217391304,75,20.8823529411765,0.0586946263057039,0.027888730014787,0.124205061356241,0.506024096385542,23
"CLE","2024_13_CLE_DEN",0,497,77,3,0.428571428571429,0.25,46,18.3888888888889,-0.0198950577205079,-0.0377303363477337,-0.124350614623045,0.467289719626168,32
"DEN","2024_13_CLE_DEN",1,294,106,2,0.461538461538462,0.1,57,25.5882352941176,0.0893467382095068,0.094224838800806,0.032019723472331,0.517647058823529,41
"HOU","2024_13_HOU_JAX",0,242,108,0,0.428571428571429,0.0909090909090909,14,25,0.0885115017896678,0.0786165057509691,0.0647203844246168,0.461538461538462,23
"JAX","2024_13_HOU_JAX",1,276,97,1,0.375,0.0666666666666667,31,20.8421052631579,0.00732057613478419,0.209611476745995,-0.137021251271945,0.423529411764706,18
"IND","2024_13_IND_NE",0,109,144,2,0.461538461538462,0.136363636363636,53,23.8235294117647,0.119278786858849,-0.0592756358855823,0.196107863497783,0.575342465753425,23
"NE","2024_13_IND_NE",1,238,200,1,0.545454545454545,0.0740740740740741,50,24.8823529411765,0.0897034290901579,0.222684372156553,0.142130117987846,0.523809523809524,24
"ATL","2024_13_LAC_ATL",1,245,116,4,0.214285714285714,0.0588235294117647,24,17.6666666666667,-0.169639722041975,-0.290838837165726,-0.180399679199704,0.478260869565217,13
"LAC","2024_13_LAC_ATL",0,150,56,1,0.25,0,19,23.8823529411765,-0.146042493737815,-0.263494368196403,-0.334999405205183,0.4,17
"LA","2024_13_LA_NO",0,183,156,0,0.454545454545455,0.3,43,23.1176470588235,0.119800320649765,0.0114995813615117,0.237796085487827,0.507462686567164,21
"NO","2024_13_LA_NO",1,184,143,0,0.333333333333333,0,25,21.8947368421053,-0.0261699841424225,-0.0422139142506413,-0.0745389280089815,0.432098765432099,14
"KC","2024_13_LV_KC",1,306,63,0,0.388888888888889,0.0625,76,25.1176470588235,-0.0336209274503,0.0241275968758935,-0.267218723204375,0.370786516853933,19
"LV","2024_13_LV_KC",0,340,116,1,0.230769230769231,0,65,20.1,-0.0574679154727948,0.250445644583545,-0.176159105349798,0.447058823529412,17
"GB","2024_13_MIA_GB",1,274,114,1,0.454545454545455,0.142857142857143,34,20.7647058823529,0.286250754397793,0.452405687081015,-0.059365652467325,0.528571428571429,30
"MIA","2024_13_MIA_GB",0,365,39,0,0.266666666666667,0.166666666666667,85,19.2777777777778,0.0802218707097083,0.225341820198338,-0.446389290899138,0.528735632183908,17
"DAL","2024_13_NYG_DAL",1,195,122,0,0.555555555555556,0.111111111111111,73,24.0588235294118,-0.0587068077319989,-0.0755389725851633,-0.220545402314747,0.428571428571429,27
"NYG","2024_13_NYG_DAL",0,178,116,2,0.266666666666667,0.5,73,27.2941176470588,-0.145257594475392,-0.546603145366622,0.347213776575656,0.469879518072289,19
"BAL","2024_13_PHI_BAL",1,237,166,0,0.411764705882353,0.153846153846154,25,17.6190476190476,-0.0510757472997104,-0.0249407340247433,0.026482521181606,0.415730337078652,18
"PHI","2024_13_PHI_BAL",0,118,140,0,0.333333333333333,0.166666666666667,50,20.7368421052632,0.0459496748038238,-0.0746360024731118,0.126146028452973,0.506666666666667,24
"CIN","2024_13_PIT_CIN",1,309,93,3,0.454545454545455,0.235294117647059,86,20.7222222222222,0.0898247435055758,-0.0284392890841138,0.0777568158732416,0.585365853658537,37
"PIT","2024_13_PIT_CIN",0,414,110,1,0.5,0.117647058823529,118,24.4117647058824,0.194541019441693,0.387891619283639,0.0898685660734675,0.617977528089888,44
"NYJ","2024_13_SEA_NYJ",1,185,89,2,0.4,0.25,65,21.2352941176471,-0.13377953804272,-0.342415382500693,-0.129090887298275,0.402439024390244,21
"SEA","2024_13_SEA_NYJ",0,206,84,2,0.3125,0.111111111111111,68,23.0588235294118,-0.0355379014015338,-0.0458445687199638,0.0302140677762331,0.38961038961039,26
"BUF","2024_13_SF_BUF",1,152,220,0,0.5,0.307692307692308,20,25,0.145052641520968,0.406607398454475,0.31453322339397,0.507042253521127,35
"SF","2024_13_SF_BUF",0,94,153,3,0.3,0.1,25,21.3,-0.263563810769388,-0.340961569049501,-0.181066546947702,0.365079365079365,10
"CAR","2024_13_TB_CAR",1,298,78,1,0.352941176470588,0.05,44,21.6666666666667,-0.0755211601188689,0.0961347467013839,-0.208389693410676,0.50561797752809,23
"TB","2024_13_TB_CAR",0,240,236,2,0.2,0.0769230769230769,72,30.8235294117647,-0.0267189874418669,-0.213713383791291,0.15190999874279,0.509803921568627,23
"TEN","2024_13_TEN_WAS",0,212,35,2,0.428571428571429,0.142857142857143,84,24.5,-0.126745936489888,0.0480804267767812,-0.645660228625301,0.361111111111111,19
"WAS","2024_13_TEN_WAS",1,206,267,1,0.666666666666667,0.217391304347826,74,27,0.154150238501212,0.316497036142053,0.274727121134614,0.591836734693878,42
"ATL","2024_14_ATL_MIN",0,344,158,3,0.538461538461538,0.105263157894737,60,19.3333333333333,0.000427036097186474,0.0188362215069065,0.193250235058915,0.555555555555556,21
"MIN","2024_14_ATL_MIN",1,347,115,0,0.666666666666667,0.181818181818182,102,23.8823529411765,0.297711065709682,0.737651430393842,0.0309251912902774,0.531645569620253,42
"BUF","2024_14_BUF_LA",0,342,103,0,0.636363636363636,0.2,115,21.8947368421053,0.312422443612418,0.454693106490791,0.431982129724929,0.556962025316456,41
"LA","2024_14_BUF_LA",1,320,137,0,0.705882352941177,0.2,43,21.3,0.264262821568808,0.81880303079443,-0.0951994620914947,0.563829787234043,44
"CAR","2024_14_CAR_PHI",0,191,118,1,0.411764705882353,0.142857142857143,57,17.6190476190476,-0.00127034750800828,0.0795238968284269,-0.0451035151433047,0.397590361445783,16
"PHI","2024_14_CAR_PHI",1,108,209,0,0.583333333333333,0.214285714285714,26,30.8235294117647,0.0379233292052315,-0.0717905645623989,0.315098400719209,0.458333333333333,22
"CHI","2024_14_CHI_SF",0,140,68,1,0.4,0.222222222222222,21,25,-0.0689056426648879,-0.222854736068708,-0.0508714674534055,0.477611940298507,13
"SF","2024_14_CHI_SF",1,325,131,1,0.461538461538462,0.25,40,20.8823529411765,0.315082198154644,0.781266449432156,0.100795397073978,0.52,38
"CIN","2024_14_CIN_DAL",0,369,74,2,0.363636363636364,0.125,71,27.2941176470588,0.125094905119245,0.22989755335001,-0.0417329813250998,0.528735632183908,27
"DAL","2024_14_CIN_DAL",1,183,156,1,0.307692307692308,0.166666666666667,42,24.4117647058824,0.028760489042391,-0.175398999301751,0.199641662163944,0.52,20
"CLE","2024_14_CLE_PIT",0,212,104,2,0.176470588235294,0.111111111111111,75,20.7222222222222,-0.18525243306098,-0.228122571406369,-0.0462000391655601,0.422222222222222,14
"PIT","2024_14_CLE_PIT",1,158,120,2,0.411764705882353,0.15,67,25.5882352941176,-0.0286309443445272,-0.0207707769920065,-0.174691008580284,0.432098765432099,27
"DET","2024_14_GB_DET",1,283,111,1,0.5,0.16,59,19.2777777777778,0.0768729357193372,0.282109469073546,-0.211477675358596,0.542553191489362,31
"GB","2024_14_GB_DET",0,206,99,1,0.428571428571429,0.173913043478261,56,21.0555555555556,0.118657958881141,0.0824879806937782,0.176973834847846,0.507462686567164,28
"JAX","2024_14_JAX_TEN",0,220,71,2,0.428571428571429,0.142857142857143,25,27,-0.0259248395402524,0.167008648644553,-0.143535710393917,0.442857142857143,10
"TEN","2024_14_JAX_TEN",1,168,126,0,0.5,0,39,25,-0.0960425480262602,-0.316403710811063,0.0329652200766138,0.405405405405405,6
"KC","2024_14_LAC_KC",1,210,96,0,0.5,0.0769230769230769,64,17.6666666666667,0.0926817628148649,0.0157577784467402,0.0178042094339617,0.547619047619048,16
"LAC","2024_14_LAC_KC",0,213,94,0,0.428571428571429,0.2,84,20.1,0.0813471168414299,0.247142637788784,-0.133734223772929,0.418918918918919,14
"LV","2024_14_LV_TB",0,205,91,2,0.357142857142857,0.0526315789473684,21,21.6666666666667,-0.130044041771937,-0.16896336858043,-0.114562971442259,0.443037974683544,13
"TB","2024_14_LV_TB",1,295,152,3,0.416666666666667,0.333333333333333,41,25.1176470588235,0.0637106081013232,0.143416597927695,0.0995367897423701,0.493333333333333,27
"NO","2024_14_NO_NYG",0,219,92,1,0.352941176470588,0.4,72,24.0588235294118,-0.154332415384625,0.0886327600471542,-0.257909211675724,0.4,14
"NYG","2024_14_NO_NYG",1,227,112,1,0.25,0.1,80,23.1176470588235,-0.185509209745093,-0.213118779417761,0.0442978043638109,0.34020618556701,11
"MIA","2024_14_NYJ_MIA",1,331,44,0,0.2,0.136363636363636,73,23.0588235294118,0.22763575581616,0.444260081088604,-0.292661870014854,0.629213483146067,26
"NYJ","2024_14_NYJ_MIA",0,339,83,0,0.294117647058824,0.111111111111111,59,20.7647058823529,0.204681149999029,0.352373744812687,-0.00738344561042529,0.574712643678161,26
"ARI","2024_14_SEA_ARI",1,259,121,2,0.333333333333333,0.0666666666666667,59,21.2352941176471,-0.116137905474537,-0.110779617661871,0.00843694620530892,0.5,18
"SEA","2024_14_SEA_ARI",0,233,176,0,0.411764705882353,0.0909090909090909,52,21.4705882352941,0.0943227831738625,0.238703085448683,0.0745074581442596,0.524390243902439,27
"ATL","2024_15_ATL_LV",0,112,168,1,0.333333333333333,0,45,25.1176470588235,-0.198556644421863,-0.37559989432751,-0.120241238248025,0.346153846153846,15
"LV","2024_15_ATL_LV",1,208,65,3,0.285714285714286,0.5,40,23.8823529411765,-0.291071421319805,-0.214510739281457,-0.360662683299531,0.390243902439024,9
"BAL","2024_15_BAL_NYG",0,290,170,1,0.818181818181818,0.142857142857143,30,24.0588235294118,0.310678704593896,0.837382637357223,0.0754194419598206,0.583333333333333,35
"NYG","2024_15_BAL_NYG",1,191,55,1,0.3125,0.1,126,20.7368421052632,-0.0390329154399123,-0.227942339894071,-0.228731084693113,0.414634146341463,14
"BUF","2024_15_BUF_DET",0,362,197,0,0.384615384615385,0.178571428571429,47,21.0555555555556,0.368704934755024,0.584877778455604,0.371769945090514,0.606741573033708,48
"DET","2024_15_BUF_DET",1,494,48,1,0.461538461538462,0.227272727272727,43,21.3,0.184795831149085,0.360040654699342,-0.151576341929225,0.551020408163265,41
"CHI","2024_15_CHI_MIN",0,196,113,1,0.0714285714285714,0.0625,51,19.3333333333333,-0.173423677185165,-0.126295854428734,-0.315036359247253,0.428571428571429,12
"MIN","2024_15_CHI_MIN",1,231,114,1,0.444444444444444,0.1875,98,20.8823529411765,0.046976004472125,0.0687250003110533,-0.0207939997256345,0.531914893617021,27
"CIN","2024_15_CIN_TEN",0,271,101,3,0.625,0.103448275862069,124,27,0.106553811460124,0.212010883842394,0.170559725623417,0.48314606741573,37
"TEN","2024_15_CIN_TEN",1,298,83,6,0.583333333333333,0.285714285714286,99,24.4117647058824,-0.0335359474294977,-0.0695390612465989,-0.18228896333648,0.55952380952381,21
"CAR","2024_15_DAL_CAR",1,219,60,4,0.266666666666667,0.111111111111111,84,27.2941176470588,-0.0910916066934058,-0.302503268296063,-0.385000813250372,0.48,14
"DAL","2024_15_DAL_CAR",0,214,211,1,0.428571428571429,0.25,80,30.8235294117647,0.185864955566383,0.389062754764201,0.0660376205886654,0.551724137931034,30
"GB","2024_15_GB_SEA",0,229,140,1,0.428571428571429,0.111111111111111,105,21.2352941176471,0.0883567548526319,0.399344691563789,-0.196147550597636,0.5375,30
"SEA","2024_15_GB_SEA",1,173,80,2,0.333333333333333,0,30,19.2777777777778,-0.198420684611791,-0.519461346393742,0.110729601190542,0.445945945945946,13
"DEN","2024_15_IND_DEN",1,130,72,3,0.333333333333333,0.375,34,24.8823529411765,-0.192703585625055,-0.436047358905387,-0.142005582143611,0.395061728395062,31
"IND","2024_15_IND_DEN",0,172,149,5,0.266666666666667,0,93,18.3888888888889,-0.390477145510597,-0.518767778846288,-0.368630411061531,0.366666666666667,13
"CLE","2024_15_KC_CLE",1,164,139,5,0.333333333333333,0,50,20.1,-0.346526772492081,-0.709453151726988,-0.157170504709939,0.452054794520548,7
"KC","2024_15_KC_CLE",0,179,132,1,0.388888888888889,0.142857142857143,25,25.5882352941176,-0.0793668450969391,-0.0615532717332826,-0.0966644539212831,0.423913043478261,21
"LA","2024_15_LA_SF",0,160,142,0,0.266666666666667,0,25,25,-0.0538847751641362,-0.218390044419195,-0.00833597191766733,0.455696202531646,9
"SF","2024_15_LA_SF",1,142,63,1,0.230769230769231,NA,40,21.8947368421053,-0.181258087353933,-0.310780731014734,-0.238697913373215,0.347826086956522,6
"HOU","2024_15_MIA_HOU",1,131,77,1,0.357142857142857,0.181818181818182,20,20.7647058823529,-0.113383631551754,-0.222940996006903,-0.147384425936787,0.461538461538462,20
"MIA","2024_15_MIA_HOU",0,196,52,4,0.266666666666667,0.111111111111111,114,20.8421052631579,-0.172755498433249,-0.205922936606948,-0.241068861147046,0.481481481481481,12
"ARI","2024_15_NE_ARI",1,232,163,0,0.6875,0.1875,65,23.8235294117647,0.181469962444372,0.325083370754917,0.037555286546353,0.48780487804878,30
"NE","2024_15_NE_ARI",0,202,116,1,0,0.222222222222222,15,21.4705882352941,0.00683694179698293,0.137475780149768,-0.05209939112198,0.609375,16
"JAX","2024_15_NYJ_JAX",1,294,136,2,0.5,0.117647058823529,77,23.0588235294118,0.136723620591742,0.0930691519841134,0.164240020842107,0.577319587628866,25
"NYJ","2024_15_NYJ_JAX",0,289,125,0,0.4,0.181818181818182,91,25,0.303272222848381,0.430447559313144,0.349572313248328,0.472972972972973,32
"PHI","2024_15_PIT_PHI",1,290,131,1,0.555555555555556,0.111111111111111,51,20.7222222222222,0.114388825112291,0.608901099388715,-0.169434706470018,0.483870967741935,27
"PIT","2024_15_PIT_PHI",0,128,56,2,0.3,0.0909090909090909,63,17.6190476190476,-0.0869928492539931,-0.244299136188927,-0.325136520273244,0.473684210526316,13
"LAC","2024_15_TB_LAC",1,199,32,2,0.142857142857143,0.25,73,21.6666666666667,-0.227661327806394,-0.407201241015935,-0.251723828890327,0.470588235294118,17
"TB","2024_15_TB_LAC",0,288,223,2,0.5625,0.0625,70,17.6666666666667,0.198182655167943,0.637926304362597,-0.0724686659450538,0.583333333333333,40
"NO","2024_15_WAS_NO",1,205,69,1,0.307692307692308,0.111111111111111,50,24.5,-0.0116279537565372,-0.0316056837099384,-0.209739362428081,0.411764705882353,19
"WAS","2024_15_WAS_NO",0,226,137,0,0.5,0.133333333333333,70,23.1176470588235,0.0347918151756773,0.0283730408547068,0.119836138395638,0.521739130434783,20
"ARI","2024_16_ARI_CAR",0,202,206,2,0.411764705882353,0.214285714285714,97,30.8235294117647,0.121062340804301,0.0382809367657087,0.314270367690265,0.51685393258427,30
"CAR","2024_16_ARI_CAR",1,158,243,0,0.4375,0.142857142857143,49,21.4705882352941,0.179733761250918,0.0375812842700448,0.419480596228303,0.465909090909091,30
"CIN","2024_16_CLE_CIN",1,252,116,1,0.363636363636364,0.153846153846154,19,25.5882352941176,0.0341620042373604,0.0898140192768413,0.153291907724148,0.557142857142857,24
"CLE","2024_16_CLE_CIN",0,157,148,3,0.307692307692308,0.0833333333333333,57,24.4117647058824,-0.224188584829091,-0.457590526150456,0.0076397298835218,0.36,6
"DEN","2024_16_DEN_LAC",0,263,110,0,0.384615384615385,0.272727272727273,38,17.6666666666667,0.146208078587015,0.169712777739726,0.241061629868844,0.5,24
"LAC","2024_16_DEN_LAC",1,284,117,1,0.583333333333333,0.25,31,18.3888888888889,0.214699808272027,0.362303284200182,0.0312240822202253,0.544303797468354,34
"CHI","2024_16_DET_CHI",1,334,59,2,0.166666666666667,0.0625,80,21.0555555555556,-0.00330880793589614,0.264785576108677,-0.604977962584815,0.475609756097561,17
"DET","2024_16_DET_CHI",0,336,146,0,0.466666666666667,0.08,45,20.8823529411765,0.283173475404355,0.469414645769275,0.16769957883122,0.5875,34
"HOU","2024_16_HOU_KC",0,244,84,2,0.466666666666667,0.0714285714285714,20,20.1,0.0587228072674976,0.147218205289043,-0.0398490591221215,0.438356164383562,19
"KC","2024_16_HOU_KC",1,260,124,0,0.571428571428571,0.166666666666667,45,20.8421052631579,0.105530490104005,0.225958377250706,0.0254597795786909,0.511627906976744,27
"JAX","2024_16_JAX_LV",0,247,72,2,0.4,0.166666666666667,53,25.1176470588235,-0.230206718619427,-0.184711398699437,-0.262988382958741,0.333333333333333,14
"LV","2024_16_JAX_LV",1,257,69,0,0.222222222222222,0.333333333333333,69,25,-0.136453653207147,-0.00588035767648876,-0.186251490813447,0.415730337078652,19
"LA","2024_16_LA_NYJ",0,110,132,2,0.454545454545455,0.133333333333333,57,23.0588235294118,0.0708183462108607,0.167725243713007,0.0664513878042012,0.475409836065574,19
"NYJ","2024_16_LA_NYJ",1,256,75,1,0.3125,0.0833333333333333,50,21.8947368421053,-0.125516995070149,0.0641405427833445,-0.240742079386837,0.455696202531646,9
"MIN","2024_16_MIN_SEA",0,246,81,0,0.214285714285714,0.25,62,21.2352941176471,0.124730141526129,0.219879900355646,-0.130825185638276,0.506024096385542,27
"SEA","2024_16_MIN_SEA",1,314,59,2,0.25,0.222222222222222,85,19.3333333333333,0.0389300029726737,0.00674195038681307,0.132537834726584,0.541176470588235,24
"BUF","2024_16_NE_BUF",1,154,172,1,0.307692307692308,0.125,25,23.8235294117647,0.0741064363625518,0.0509587328083862,0.0162253985888259,0.493150684931507,24
"NE","2024_16_NE_BUF",0,261,126,3,0.625,0.1,87,21.3,0.0349195245739265,0.11011274710702,-0.196587180321997,0.522222222222222,20
"GB","2024_16_NO_GB",1,216,188,0,0.4,0.266666666666667,30,23.1176470588235,0.255415725292488,0.203035342919304,0.31331462713078,0.524390243902439,34
"NO","2024_16_NO_GB",0,153,67,2,0.384615384615385,NA,70,19.2777777777778,-0.268487895378244,-0.527976985001287,-0.0549224879447138,0.357142857142857,0
"ATL","2024_16_NYG_ATL",1,202,127,1,0.5625,0.105263157894737,60,24.0588235294118,0.066336592392204,0.242508881247064,-0.0421388984557577,0.531645569620253,34
"NYG","2024_16_NYG_ATL",0,210,45,3,0.272727272727273,0.0833333333333333,55,23.8823529411765,-0.348406974656667,-0.510832230696299,-0.165205193410377,0.48051948051948,7
"PHI","2024_16_PHI_WAS",0,154,211,2,0.352941176470588,0.125,103,24.5,0.107704927802625,-0.135808526951792,0.15921027938423,0.451612903225806,33
"WAS","2024_16_PHI_WAS",1,258,113,5,0.538461538461538,0.166666666666667,76,17.6190476190476,0.0644104219148159,0.0418837541484466,-0.235282726146393,0.5,34
"BAL","2024_16_PIT_BAL",1,207,220,1,0.363636363636364,0.157894736842105,35,20.7222222222222,0.167655092146269,0.295094561325557,0.0978781865823112,0.558441558441558,34
"PIT","2024_16_PIT_BAL",0,217,117,2,0.363636363636364,0.333333333333333,4,20.7368421052632,-0.0846909733422382,-0.187635473507856,-0.166310100753132,0.486842105263158,17
"MIA","2024_16_SF_MIA",1,215,166,0,0.307692307692308,0.1,80,25,0.196959350059128,0.166245823842761,0.163414864858787,0.575,29
"SF","2024_16_SF_MIA",0,313,81,1,0.333333333333333,0.105263157894737,55,20.7647058823529,0.0100606016738395,0.139055114937887,-0.120001764295416,0.518072289156627,17
"DAL","2024_16_TB_DAL",1,292,31,0,0.333333333333333,0.25,52,21.6666666666667,0.0557209868396068,0.257070710794601,-0.502617512324908,0.435897435897436,26
"TB","2024_16_TB_DAL",0,303,134,2,0.5,0.3,25,27.2941176470588,0.0259904979163791,-0.0299909488173392,0.314993522689253,0.569767441860465,24
"IND","2024_16_TEN_IND",1,131,335,1,0.5,0.133333333333333,35,27,0.138562337890437,0.202032033106661,0.222103988758797,0.524390243902439,38
"TEN","2024_16_TEN_IND",0,252,65,3,0.454545454545455,0.272727272727273,46,24.8823529411765,0.048459992895839,0.100521599476302,0.0258900848612909,0.513157894736842,30
"ARI","2024_17_ARI_LA",0,321,113,2,0.5,0.0555555555555556,48,21.8947368421053,-0.0641995083302514,0.0427595100215333,-0.131800323995941,0.505494505494505,9
"LA","2024_17_ARI_LA",1,189,68,0,0.375,0.1,60,21.4705882352941,-0.0437810171893715,-0.0150705348566377,-0.0550484886085282,0.464788732394366,13
"ATL","2024_17_ATL_WAS",0,223,126,1,0.307692307692308,0.2,53,24.5,0.100012114729381,-0.0173770918330268,0.199802681554423,0.5625,24
"WAS","2024_17_ATL_WAS",1,227,216,1,0.466666666666667,0.137931034482759,80,23.8823529411765,0.133885596775643,0.121264719949338,0.338926022400015,0.520408163265306,24
"BAL","2024_17_BAL_HOU",0,184,251,0,0.444444444444444,0.272727272727273,30,20.8421052631579,0.2631280067926,0.511549441341751,0.2271727579991,0.581081081081081,31
"HOU","2024_17_BAL_HOU",1,190,58,1,0.266666666666667,0,49,20.7368421052632,-0.272971895263098,-0.494616288683893,-0.24109502322287,0.385714285714286,2
"CAR","2024_17_CAR_TB",0,203,39,0,0.222222222222222,0.25,25,21.6666666666667,-0.132432217891823,-0.0758222153178016,-0.171369734367965,0.484848484848485,14
"TB","2024_17_CAR_TB",1,359,202,0,0.666666666666667,0.172413793103448,45,30.8235294117647,0.323066478826387,0.741330981508303,0.190713740008996,0.611111111111111,48
"DAL","2024_17_DAL_PHI",0,148,127,4,0.466666666666667,0.125,40,17.6190476190476,-0.266139625519856,-0.464990000716699,-0.143097653940398,0.426666666666667,7
"PHI","2024_17_DAL_PHI",1,197,179,0,0.375,0.08,54,27.2941176470588,0.223689281782088,0.747452926108373,0.0453122692165421,0.518518518518518,41
"CIN","2024_17_DEN_CIN",1,412,115,1,0.470588235294118,0.125,45,18.3888888888889,0.120424419213208,0.251470240485009,-0.0851072829371178,0.576923076923077,24
"DEN","2024_17_DEN_CIN",0,219,123,1,0.333333333333333,0.111111111111111,5,24.4117647058824,0.116942517613782,0.287772287777386,0.0297791282711033,0.472972972972973,24
"DET","2024_17_DET_SF",0,303,152,0,0.642857142857143,0.15,15,25,0.339220351824832,0.592462387979716,0.130702656713159,0.566265060240964,40
"SF","2024_17_DET_SF",1,412,75,2,0.555555555555556,0.25,72,21.0555555555556,0.206720432208239,0.381518169455226,0.258789371110551,0.617283950617284,34
"GB","2024_17_GB_MIN",0,185,104,1,0.533333333333333,0.157894736842105,51,19.3333333333333,-0.0338963895438599,0.022190431859371,-0.102764799131061,0.513157894736842,24
"MIN","2024_17_GB_MIN",1,377,69,1,0.5,0.166666666666667,47,19.2777777777778,-0.0272627535074962,0.277075149628614,-0.260642653234991,0.511111111111111,27
"IND","2024_17_IND_NYG",0,330,126,3,0.538461538461538,0.125,73,24.0588235294118,0.0766310781454499,0.176529742551048,-0.121915768802711,0.554347826086957,33
"NYG","2024_17_IND_NYG",1,309,80,0,0.466666666666667,0.117647058823529,42,24.8823529411765,0.258772785261493,1.20134921651966,-0.35260222587202,0.473684210526316,45
"KC","2024_17_KC_PIT",0,320,69,0,0.25,0.235294117647059,65,20.7222222222222,0.194154487152205,0.491063063699284,-0.0282324475731002,0.506666666666667,29
"PIT","2024_17_KC_PIT",1,205,202,2,0.5,0.0625,50,20.1,-0.13144036236997,-0.431329151437413,0.323150281256418,0.461538461538462,10
"LAC","2024_17_LAC_NE",0,281,147,0,0.588235294117647,0.0952380952380952,48,23.8235294117647,0.255080663910382,0.439216232728256,0.130979554316044,0.565217391304348,37
"NE","2024_17_LAC_NE",1,115,96,1,0.2,0,66,17.6666666666667,-0.282061300387923,-0.615053661995002,-0.463365265904576,0.462686567164179,7
"LV","2024_17_LV_NO",0,242,156,0,0.578947368421053,0.125,10,23.1176470588235,0.0510065495834889,0.268221043346358,-0.0634435110944567,0.449438202247191,25
"NO","2024_17_LV_NO",1,218,81,2,0.0769230769230769,0,95,25.1176470588235,-0.245552099188197,-0.413175434541633,0.128753424286305,0.41025641025641,10
"CLE","2024_17_MIA_CLE",1,170,114,2,0.388888888888889,0,95,20.7647058823529,-0.294429535089552,-0.524200801285285,-0.0920009279239769,0.388888888888889,3
"MIA","2024_17_MIA_CLE",0,225,74,0,0.153846153846154,0.333333333333333,83,25.5882352941176,-0.077393073577342,0.159851205820284,-0.385605226444358,0.4,20
"BUF","2024_17_NYJ_BUF",1,251,97,0,0.5,0.1875,104,23.0588235294118,0.15209605997748,0.602286970711457,-0.214626376478918,0.511904761904762,40
"NYJ","2024_17_NYJ_BUF",0,195,112,3,0.5,0.25,76,21.3,-0.194463199773257,-0.304319083846113,-0.0368810342763373,0.48,14
"CHI","2024_17_SEA_CHI",1,122,103,1,0.3125,0,23,21.2352941176471,-0.152744881158108,-0.292164189153484,-0.0812075994706348,0.397260273972603,3
"SEA","2024_17_SEA_CHI",0,160,122,1,0.384615384615385,0,25,20.8823529411765,-0.107490908749963,-0.326805561086484,-0.00182774935334852,0.46031746031746,6
"JAX","2024_17_TEN_JAX",1,174,122,0,0.571428571428571,0.222222222222222,34,27,0.134364940777819,0.317003036396962,0.0305941763872397,0.5,20
"TEN","2024_17_TEN_JAX",0,193,159,1,0.5,0.0833333333333333,50,25,0.0161261023403844,0.00688736282380284,0.0717423239086153,0.5,13
"BUF","2024_18_BUF_NE",0,129,130,0,0.4,0.142857142857143,44,23.8235294117647,-0.0879438637678787,-0.0816413724575751,-0.0530914935410362,0.419753086419753,16
"NE","2024_18_BUF_NE",1,241,77,1,0.285714285714286,0.0909090909090909,50,21.3,0.00351389384162313,0.292812246666508,-0.264303194055949,0.430379746835443,23
"ATL","2024_18_CAR_ATL",1,312,227,1,0.642857142857143,0.16,55,30.8235294117647,0.200633084953202,0.140176386750782,0.448443948726268,0.648936170212766,38
"CAR","2024_18_CAR_ATL",0,270,155,0,0.538461538461538,0.238095238095238,30,23.8823529411765,0.33416975394151,0.609994515807501,0.173734627647028,0.55952380952381,38
"CHI","2024_18_CHI_GB",0,148,83,2,0.466666666666667,0.166666666666667,55,19.2777777777778,-0.131786565331497,-0.176720492607759,-0.16299901824543,0.4,21
"GB","2024_18_CHI_GB",1,205,183,2,0.3,0.125,35,20.8823529411765,-0.171700718261175,-0.191735733689367,-0.0304199559534662,0.454545454545455,19
"CIN","2024_18_CIN_PIT",0,277,68,2,0.428571428571429,0.0588235294117647,25,20.7222222222222,0.059108342677566,-0.0285248999472522,-0.0297400932235177,0.534090909090909,19
"PIT","2024_18_CIN_PIT",1,148,74,1,0.4,0.2,20,24.4117647058824,-0.00272361203910297,-0.154418736336024,-0.205718417311563,0.44,17
"BAL","2024_18_CLE_BAL",1,217,220,0,0.5,0.176470588235294,31,25.5882352941176,0.0931439536019637,0.170111358694304,0.146546350893498,0.458823529411765,35
"CLE","2024_18_CLE_BAL",0,183,56,2,0.352941176470588,0.0909090909090909,72,20.7368421052632,-0.26227737753907,-0.49212235710809,-0.375627031375188,0.351351351351351,10
"HOU","2024_18_HOU_TEN",0,178,207,1,0.4375,0.0476190476190476,71,27,0.0523205543506887,-0.126247761642624,0.25826098728299,0.513157894736842,23
"TEN","2024_18_HOU_TEN",1,245,85,1,0.333333333333333,0,45,20.8421052631579,-0.103307388203877,0.181179499532065,-0.516166343277937,0.413333333333333,12
"IND","2024_18_JAX_IND",1,264,177,0,0.333333333333333,0.0833333333333333,47,25,0.0487776718012178,-0.0859302332945095,0.13474533755524,0.551020408163265,23
"JAX","2024_18_JAX_IND",0,225,113,1,0.333333333333333,0.142857142857143,25,24.8823529411765,0.0569088014415589,0.0802462389504161,-0.0226816881804552,0.477272727272727,23
"DEN","2024_18_KC_DEN",1,321,158,0,0.666666666666667,0.181818181818182,35,20.1,0.322285153204037,0.895094132207177,0.076066180593833,0.576470588235294,38
"KC","2024_18_KC_DEN",0,98,27,0,0.1,NA,21,18.3888888888889,-0.310235645001331,-0.462485920318297,-0.421771786673079,0.306122448979592,0
"LAC","2024_18_LAC_LV",0,346,137,0,0.470588235294118,0.09375,53,25.1176470588235,0.214840631564945,0.497895234344281,0.0579264161791138,0.565217391304348,34
"LV","2024_18_LAC_LV",1,225,39,1,0.222222222222222,0.1,15,17.6666666666667,0.0089064035256583,-0.0992906739182678,-0.112709233833646,0.53030303030303,19
"MIA","2024_18_MIA_NYJ",0,227,135,4,0.25,0.1,35,23.0588235294118,-0.0680905740405443,-0.236151331720977,0.083301776167228,0.476744186046512,20
"NYJ","2024_18_MIA_NYJ",1,274,118,1,0.416666666666667,0.235294117647059,32,20.7647058823529,0.0699402148692299,0.0254305948020858,0.12050437207686,0.487179487179487,31
"DET","2024_18_MIN_DET",1,231,178,2,0.384615384615385,0.214285714285714,31,19.3333333333333,0.0368237837670179,0.0453759161423827,-0.0196914807592909,0.524390243902439,31
"MIN","2024_18_MIN_DET",0,166,120,0,0.333333333333333,0,48,21.0555555555556,-0.249738224891189,-0.577029156709417,0.232375537281364,0.3625,9
"NO","2024_18_NO_TB",0,240,64,0,0.2,0.111111111111111,50,21.6666666666667,0.053957336895116,-0.0243747575856809,0.0633912582385451,0.51219512195122,19
"TB","2024_18_NO_TB",1,221,179,1,0.588235294117647,0.166666666666667,117,23.1176470588235,0.134099060521443,0.28521153198984,0.157863526244182,0.488095238095238,27
"NYG","2024_18_NYG_PHI",0,138,100,1,0.285714285714286,0,15,17.6190476190476,-0.0830920461844661,-0.299149279387771,0.090525881908834,0.426470588235294,13
"PHI","2024_18_NYG_PHI",1,269,51,0,0.285714285714286,0.153846153846154,25,24.0588235294118,-0.00464289797725629,0.174807592134145,-0.426005863921296,0.451219512195122,20
"LA","2024_18_SEA_LA",1,334,84,1,0.333333333333333,0.117647058823529,18,21.2352941176471,0.0954424319037833,0.046169604091512,-0.0232049604667174,0.5,25
"SEA","2024_18_SEA_LA",0,223,126,0,0.5,0.333333333333333,15,21.8947368421053,0.192010457100207,0.327962041303945,0.125389425089056,0.577464788732394,30
"ARI","2024_18_SF_ARI",1,242,151,0,0.333333333333333,0.19047619047619,45,25,0.252902568882549,0.228881362892817,0.273232280875651,0.583333333333333,46
"SF","2024_18_SF_ARI",0,326,138,3,0.357142857142857,0.153846153846154,45,21.4705882352941,-0.0438598013522946,0.0752204177813377,-0.0983033563523485,0.494623655913978,24
"DAL","2024_18_WAS_DAL",1,244,150,1,0.421052631578947,0.037037037037037,84,24.5,0.043288741222282,-0.0710736796292683,-0.0185338868120029,0.448979591836735,19
"WAS","2024_18_WAS_DAL",0,199,113,0,0.461538461538462,0.333333333333333,38,27.2941176470588,0.102488107328618,-0.0294717496498319,0.34078479261028,0.520547945205479,22
"BUF","2024_19_DEN_BUF",1,272,210,0,0.533333333333333,0.0416666666666667,62,18.3888888888889,0.238050099939487,0.550567821557188,0.170256471530549,0.563218390804598,31
"DEN","2024_19_DEN_BUF",0,159,79,0,0.2,0,10,21.3,-0.124945120448125,-0.157872455665592,-0.0777194590396796,0.491228070175439,7
"GB","2024_19_GB_PHI",0,212,107,4,0.571428571428571,0.0909090909090909,79,17.6190476190476,-0.194391285866989,-0.157402155114355,0.0463529925254988,0.428571428571429,10
"PHI","2024_19_GB_PHI",1,131,169,0,0.181818181818182,0.0588235294117647,70,19.2777777777778,-0.0177230356924559,0.0231235957766176,0.06060580092971,0.373333333333333,22
"HOU","2024_19_LAC_HOU",1,282,168,3,0.357142857142857,0.153846153846154,71,17.6666666666667,-0.0910439237911116,-0.134301934577859,-0.0757515565455833,0.454545454545455,32
"LAC","2024_19_LAC_HOU",0,242,50,4,0.272727272727273,0,25,20.8421052631579,-0.400847408794187,-0.640461692585678,-0.26961728648043,0.394366197183099,12
"LA","2024_19_MIN_LA",1,209,90,0,0.2,0.153846153846154,75,19.3333333333333,0.0120804290660199,0.183460736452627,-0.167807908455143,0.478260869565217,27
"MIN","2024_19_MIN_LA",0,245,106,2,0.352941176470588,0,40,21.8947368421053,-0.236851994894779,-0.597974740670364,0.10498396248468,0.447058823529412,9
"BAL","2024_19_PIT_BAL",1,175,299,0,0.666666666666667,0.230769230769231,30,20.7222222222222,0.203665223427072,0.474578657561713,0.224446692509928,0.534090909090909,28
"PIT","2024_19_PIT_BAL",0,270,29,0,0.416666666666667,0,25,20.7368421052632,0.0777693867256732,0.224825863750405,-0.251975205447525,0.416666666666667,14
"TB","2024_19_WAS_TB",1,185,101,1,0.555555555555556,0.142857142857143,54,24.5,0.121276404728529,0.710479758664125,-0.352333141513002,0.566666666666667,17
"WAS","2024_19_WAS_TB",0,268,82,0,0.588235294117647,0.0769230769230769,50,21.6666666666667,0.156238574160584,0.307703651645667,-0.112479406322593,0.488095238095238,20
"BAL","2024_20_BAL_BUF",0,254,176,3,0.636363636363636,0.2,15,21.3,0.131372780392955,-0.023786791152215,0.303637832888916,0.536231884057971,25
"BUF","2024_20_BAL_BUF",1,127,147,0,0.5,0.166666666666667,38,20.7368421052632,0.111905979295321,-0.0752634724453664,0.181157925148304,0.552631578947368,27
"HOU","2024_20_HOU_KC",0,245,149,0,0.5,0.0714285714285714,44,20.1,-0.0384544045298776,0.0269708472363635,0.201125765765892,0.464285714285714,14
"KC","2024_20_HOU_KC",1,177,50,0,0.384615384615385,0.1,67,20.8421052631579,0.102094937327382,-0.0193924261881462,0.129177154299166,0.421875,23
"LA","2024_20_LA_PHI",0,324,111,2,0.375,0.08,15,17.6190476190476,-0.0128073863180762,0.0764809675661811,-0.403608867275312,0.528089887640449,22
"PHI","2024_20_LA_PHI",1,128,285,0,0.4,0,29,21.8947368421053,0.0716600397494604,-0.176477928236299,0.294798929551039,0.45,28
"DET","2024_20_WAS_DET",1,336,201,5,0.4,0.142857142857143,25,24.5,0.0605019119336271,-0.159281805254674,0.503885228897525,0.576470588235294,31
"WAS","2024_20_WAS_DET",0,299,182,0,0.357142857142857,0.137931034482759,30,21.0555555555556,0.259749376601112,0.618473397058579,0.0313917236522052,0.565217391304348,45
"BUF","2024_21_BUF_KC",0,237,147,0,0.357142857142857,0.214285714285714,21,20.1,0.15701278731338,0.196792331763286,0.112297467262555,0.505882352941176,29
"KC","2024_21_BUF_KC",1,245,135,1,0.5,0.222222222222222,48,21.3,0.190686751037084,0.59376610383217,-0.0251903219977976,0.569620253164557,32
"PHI","2024_21_WAS_PHI",1,246,229,0,0.615384615384615,0.21875,67,24.5,0.284471005326338,0.533689299406504,0.282757416646515,0.576086956521739,55
"WAS","2024_21_WAS_PHI",0,278,99,4,0.411764705882353,0.166666666666667,10,17.6190476190476,-0.0763607213866222,-0.108666040198532,-0.0460093741188757,0.468085106382979,23
"KC","2024_22_KC_PHI",0,257,49,3,0.25,0.125,64,17.6190476190476,-0.262755853447584,-0.382362143421045,-0.192683907215145,0.450704225352113,20
"PHI","2024_22_KC_PHI",1,221,135,1,0.357142857142857,0.166666666666667,70,20.1,0.0834273728881912,0.454277764544822,-0.240727248992088,0.43956043956044,40
